customer;state;gender;education;customer_lifetime_value;income;monthly_premium_auto;policy_type;vehicle_class;total_claim_amount;number_of_open_complaints
QZ44356;Arizona;F;Bachelor;697953;0;94;Personal Auto;Four-Door Car;1131;0
AI49188;Nevada;F;Bachelor;1288743;48767;108;Personal Auto;Two-Door Car;566;0
WW63253;California;M;Bachelor;764586;0;106;Corporate Auto;SUV;529;0
GA49547;Washington;M;High School or Below;536307;36357;68;Personal Auto;Four-Door Car;17;0
OC83172;Oregon;F;Bachelor;825629;62902;69;Personal Auto;Two-Door Car;159;0
XZ87318;Oregon;F;College;538089;55350;67;Corporate Auto;Four-Door Car;321;0
CF85061;Arizona;M;Master;721610;0;101;Corporate Auto;Four-Door Car;363;0
DY87989;Oregon;M;Bachelor;2412750;14072;71;Corporate Auto;Four-Door Car;511;0
BQ94931;Oregon;F;College;738817;28812;93;Special Auto;Four-Door Car;425;0
SX51350;California;M;College;473899;0;67;Personal Auto;Four-Door Car;482;0
VQ65197;California;U;College;819719;0;110;Personal Auto;SUV;528;0
DP39365;California;U;Master;879879;77026;110;Corporate Auto;Four-Door Car;472;2
SJ95423;Arizona;U;High School or Below;881901;99845;110;Corporate Auto;SUV;528;1
IL66569;California;U;College;538443;83689;70;Corporate Auto;Four-Door Car;307;2
BW63560;Oregon;U;Bachelor;746313;24599;64;Corporate Auto;Four-Door Car;42;1
FV94802;Nevada;U;High School or Below;256686;25049;67;Personal Auto;Two-Door Car;454;0
OE15005;California;U;College;394524;28855;101;Personal Auto;SUV;647;0
WC83389;Oregon;U;College;571033;51148;72;Personal Auto;Four-Door Car;308;0
FL50705;California;U;High School or Below;816261;66140;101;Corporate Auto;Four-Door Car;484;0
ZK25313;Oregon;U;High School or Below;287205;57749;74;Personal Auto;Two-Door Car;355;0
QK46697;Washington;M;Bachelor;617710;61040;79;Personal Auto;Two-Door Car;20;1
YH23384;Arizona;U;Bachelor;2412750;14072;71;Personal Auto;Four-Door Car;511;0
TZ98966;Nevada;U;Bachelor;245019;0;73;Corporate Auto;Four-Door Car;554;3
HM55802;California;U;Bachelor;239210;17870;61;Corporate Auto;Four-Door Car;439;0
FS42516;Oregon;U;College;580206;97541;72;Personal Auto;Four-Door Car;389;0
US89481;California;U;Bachelor;394637;0;111;Personal Auto;Four-Door Car;799;0
HS14476;Washington;M;College;916206;29723;80;Personal Auto;Four-Door Car;20;0
GE62437;Arizona;U;College;1290256;86584;111;Personal Auto;Four-Door Car;532;2
EJ77678;Oregon;U;Master;323536;75690;80;Personal Auto;Four-Door Car;384;1
SV85652;Arizona;U;College;245458;23158;63;Personal Auto;Four-Door Car;322;1
UL64533;Nevada;U;High School or Below;1897545;65999;237;Corporate Auto;Luxury;615;0
PF41800;California;U;Bachelor;471532;0;65;Personal Auto;Four-Door Car;308;0
HD95276;Washington;F;College;473787;0;130;Personal Auto;SUV;23;0
SK67821;Oregon;U;Bachelor;493291;37260;62;Corporate Auto;Four-Door Car;15;0
YV55495;Arizona;U;High School or Below;574422;68987;71;Personal Auto;Four-Door Car;204;0
KY38074;California;U;Bachelor;1389173;42305;117;Personal Auto;Four-Door Car;561;0
DM79012;Oregon;U;Master;738097;65706;91;Personal Auto;Four-Door Car;436;0
CM61827;Oregon;U;Bachelor;309003;0;90;Personal Auto;Two-Door Car;648;0
WC35801;Arizona;U;High School or Below;252163;53243;66;Personal Auto;Four-Door Car;157;2
QG25316;Nevada;U;High School or Below;265206;0;70;Corporate Auto;Two-Door Car;484;1
MB98372;Oregon;U;College;277104;50071;71;Corporate Auto;Two-Door Car;18;0
IL19217;California;U;Bachelor;393900;60021;99;Personal Auto;Four-Door Car;882;0
SR38658;Arizona;U;High School or Below;1223187;43244;103;Personal Auto;Luxury;494;0
YD87931;Washington;M;Doctor;495165;46896;35354;Personal Auto;Four-Door Car;31;1
HG65722;Oregon;U;Doctor;1281910;10105;172;Personal Auto;SUV;0;3
BU27331;Arizona;U;Bachelor;446851;0;73;Personal Auto;Four-Door Car;579;3
XM45289;Oregon;U;High School or Below;551434;23218;71;Personal Auto;Two-Door Car;447;0
KP34198;California;U;Bachelor;334387;0;92;Corporate Auto;Four-Door Car;529;0
SH90947;Arizona;U;High School or Below;229447;0;62;Personal Auto;Four-Door Car;313;0
WE95729;Oregon;U;College;3670742;24804;104;Personal Auto;SUV;593;0
PY51963;California;U;Bachelor;3347334;33190;106;Corporate Auto;SUV;508;0
RB69909;Nevada;U;High School or Below;798343;36014;69;Special Auto;Four-Door Car;173;3
NW21079;Washington;F;Master;487938;67163;61;Personal Auto;Two-Door Car;33;2
FR46645;California;U;Bachelor;429399;16701;113;Personal Auto;Four-Door Car;831;0
SY17488;Arizona;U;College;716439;46623;91;Corporate Auto;Four-Door Car;436;0
AP67935;California;U;College;761951;64749;64;Special Auto;Four-Door Car;302;0
FS37417;Arizona;U;High School or Below;395800;0;101;Personal Auto;SUV;484;0
ML29312;Oregon;U;High School or Below;449949;16969;124;Personal Auto;SUV;704;2
UB61619;Oregon;U;Master;405956;11621;108;Personal Auto;Four-Door Car;518;0
CD86811;Arizona;U;Bachelor;445811;17622;65;Personal Auto;Four-Door Car;312;1
RU83859;California;U;Bachelor;811033;11489;105;Personal Auto;Two-Door Car;504;0
FG63582;Oregon;U;Bachelor;333976;0;94;Personal Auto;Two-Door Car;863;0
NN71951;California;U;High School or Below;2426101;66525;100;Personal Auto;SUV;104;0
WB37082;Arizona;U;Bachelor;661397;0;63;Personal Auto;Four-Door Car;676;0
SM52139;Washington;U;College;293069;33663;73;Personal Auto;Four-Door Car;350;0
FL82372;Oregon;U;College;867219;22547;112;Corporate Auto;SUV;537;0
DP45816;Arizona;U;High School or Below;1163866;61486;97;Personal Auto;Two-Door Car;465;0
GW33762;Oregon;U;Bachelor;684615;0;95;Personal Auto;Two-Door Car;456;0
RZ33670;California;U;College;1172777;29879;102;Personal Auto;Four-Door Car;500;0
PY70169;Oregon;U;High School or Below;2264383;93011;113;Personal Auto;SUV;281;0
MO91628;Oregon;U;Master;261447;65186;65;Personal Auto;Two-Door Car;5;0
HW87852;Oregon;U;Master;245175;26840;64;Personal Auto;Four-Door Car;307;2
HB20453;Oregon;U;Bachelor;678127;0;104;Personal Auto;Luxury;982;1
BN87372;Oregon;U;Bachelor;497480;75644;65;Personal Auto;Two-Door Car;467;3
YX23800;Oregon;U;Bachelor;859160;38984;73;Personal Auto;Four-Door Car;350;0
DZ87709;Oregon;U;High School or Below;559216;71811;71;Personal Auto;Four-Door Car;29;0
XW13033;Nevada;U;College;800947;20961;67;Personal Auto;Four-Door Car;321;0
OM82309;California;U;Bachelor;5816655;61321;186;Personal Auto;Luxury;427;1
ZU35962;California;U;College;802522;0;77;Personal Auto;Two-Door Car;25;0
VH85817;California;U;High School or Below;578018;51066;74;Personal Auto;Four-Door Car;787;0
DT85712;California;U;Doctor;411853;34378;102;Personal Auto;SUV;489;0
YJ88573;Nevada;U;Master;252307;43072;63;Personal Auto;Four-Door Car;302;0
SQ19467;Oregon;U;College;655421;25222;90;Personal Auto;Four-Door Car;475;0
YB66933;Washington;F;Bachelor;538275;77552;68;Corporate Auto;Four-Door Car;45;1
ET79815;California;U;College;592672;23091;96;Personal Auto;Four-Door Car;460;5
QC35222;California;U;Bachelor;268347;48269;69;Corporate Auto;Four-Door Car;282;3
CJ15590;Oregon;U;Bachelor;269518;32720;67;Personal Auto;Four-Door Car;321;0
OI48267;California;U;College;604702;20396;76;Personal Auto;Four-Door Car;364;1
JY67916;Oregon;U;College;1317101;21513;119;Personal Auto;Two-Door Car;679;1
OW15518;Washington;F;College;1595001;0;87;Personal Auto;Two-Door Car;46;1
CZ33664;Oregon;U;Bachelor;252765;80744;63;Corporate Auto;Four-Door Car;11;0
WK30175;Oregon;U;Bachelor;267209;52822;67;Corporate Auto;Two-Door Car;350;0
ON44465;California;U;High School or Below;531329;0;77;Personal Auto;Four-Door Car;863;1
TV87155;Oregon;U;Bachelor;2094619;69738;74;Personal Auto;Four-Door Car;492;1
KH48895;Arizona;U;Master;837535;17780;109;Personal Auto;SUV;132;0
NZ30757;California;U;Bachelor;480166;18107;62;Personal Auto;Four-Door Car;297;0
RI22468;Arizona;U;Bachelor;574594;57740;74;Personal Auto;Four-Door Car;269;3
FZ30935;Oregon;U;College;606611;32627;76;Personal Auto;Two-Door Car;380;0
UG93476;California;U;College;800230;0;107;Personal Auto;SUV;513;0
AB96670;California;U;College;239391;0;70;Personal Auto;Four-Door Car;425;0
XK64261;Oregon;U;Bachelor;476281;65795;62;Corporate Auto;Two-Door Car;49;1
EV68375;California;U;College;433038;60475;107;Personal Auto;Four-Door Car;513;0
UN51653;California;U;High School or Below;940272;0;130;Personal Auto;SUV;936;0
TO96662;Oregon;U;Bachelor;696669;41837;88;Personal Auto;Four-Door Car;142;0
MR52087;California;U;Bachelor;769406;32303;65;Personal Auto;Four-Door Car;45;0
DE75225;Oregon;U;High School or Below;871756;0;117;Personal Auto;SUV;561;1
EP80820;California;U;Bachelor;592874;40531;74;Personal Auto;Two-Door Car;30;0
GU99037;Oregon;U;College;245297;79898;62;Corporate Auto;Four-Door Car;271;1
WI57118;California;U;College;670157;56398;85;Personal Auto;Four-Door Car;408;0
GP39118;Washington;M;High School or Below;499655;71600;63;Personal Auto;Two-Door Car;46;0
MQ14219;Arizona;U;College;849269;27804;109;Personal Auto;SUV;784;0
KN20603;Oregon;U;Bachelor;771349;45506;66;Personal Auto;Four-Door Car;316;2
SG20925;Washington;F;Master;518579;99428;6464;Personal Auto;Four-Door Car;48;1
JI70886;California;U;High School or Below;729006;0;102;Corporate Auto;SUV;489;1
VF72557;Oregon;U;High School or Below;477294;20993;133;Personal Auto;SUV;638;0
OX28638;Arizona;U;High School or Below;680649;37839;86;Personal Auto;Two-Door Car;465;0
SK55033;California;U;Bachelor;246978;92711;62;Personal Auto;Two-Door Car;368;0
OO88645;California;U;College;310392;74665;78;Corporate Auto;Four-Door Car;236;2
FM14335;Washington;F;College;1048491;61108;89;Personal Auto;Four-Door Car;49;0
CW82151;California;U;Bachelor;890273;46833;112;Personal Auto;Luxury;64;0
DY22043;Oregon;U;High School or Below;549944;88768;68;Personal Auto;Two-Door Car;326;0
SH36774;California;U;High School or Below;1502359;28262;192;Personal Auto;Luxury;921;0
EM43724;Nevada;U;Bachelor;250910;33555;63;Personal Auto;Four-Door Car;101;0
FH85960;Oregon;U;College;3122174;42780;113;Personal Auto;Four-Door Car;542;1
XA55993;Oregon;U;Master;313350;58850;78;Personal Auto;Four-Door Car;143;0
GO36627;Arizona;U;College;383745;21880;97;Special Auto;Four-Door Car;424;0
QH48047;Oregon;U;College;1179049;25251;66;Personal Auto;Four-Door Car;316;0
HS28694;Washington;F;High School or Below;282986;25317;71;Personal Auto;Two-Door Car;50;0
UH65059;Arizona;U;High School or Below;430580;24188;109;Personal Auto;Luxury;523;0
FV21968;Nevada;U;Bachelor;597397;41611;74;Special Auto;Four-Door Car;113;0
QA87025;Oregon;U;Bachelor;567044;28406;72;Personal Auto;Four-Door Car;192;1
TQ13499;Arizona;U;College;473174;69833;118;Personal Auto;Four-Door Car;828;0
BU44523;Arizona;U;High School or Below;802637;0;74;Corporate Auto;Four-Door Car;532;0
MS41162;Arizona;U;High School or Below;402296;0;117;Personal Auto;SUV;975;0
PU25891;Oregon;U;High School or Below;961831;80536;119;Special Auto;Luxury;53;0
LH92841;Washington;F;Bachelor;725595;88891;89;Personal Auto;Four-Door Car;50;0
SX26335;Oregon;U;College;955292;97732;79;Personal Auto;Four-Door Car;289;0
AZ95587;Arizona;F;Bachelor;1038855;61222;89;Special Auto;Four-Door Car;392;0
DS81757;Oregon;M;College;247012;0;74;Personal Auto;Two-Door Car;721;0
OJ94107;Arizona;M;Master;561906;50335;140;Personal Auto;SUV;456;0
LP84436;California;F;High School or Below;904711;0;127;Personal Auto;Luxury;1087;0
FF22360;Washington;F;Doctor;268731;82210;68;Personal Auto;Four-Door Car;51;4
LM19287;Oregon;F;High School or Below;373150;0;96;Personal Auto;Four-Door Car;460;0
ZU18643;Nevada;M;Bachelor;366077;64495;92;Corporate Auto;Four-Door Car;251;0
AZ82578;California;F;College;792882;0;72;Corporate Auto;Four-Door Car;345;0
XC67861;Arizona;F;Bachelor;501175;28859;67;Corporate Auto;Two-Door Car;321;3
YC43143;Arizona;F;High School or Below;798825;77330;99;Personal Auto;Four-Door Car;99;0
EK59571;Oregon;M;College;388545;0;105;Corporate Auto;Four-Door Car;504;0
PA38372;Washington;F;High School or Below;935773;33060;117;Personal Auto;Four-Door Car;56;0
RO18530;Washington;M;Master;254068;42557;65;Personal Auto;Four-Door Car;57;0
PD27940;Arizona;M;High School or Below;488516;26372;126;Personal Auto;SUV;604;0
BS77946;Arizona;F;Bachelor;975330;17514;127;Personal Auto;SUV;8;0
YM50253;California;F;Bachelor;294615;89270;74;Personal Auto;Four-Door Car;316;0
NR15332;California;M;High School or Below;258111;29757;65;Personal Auto;Four-Door Car;312;0
RC62865;Oregon;M;College;351738;51814;92;Personal Auto;Four-Door Car;56;0
CC15295;Oregon;F;Bachelor;974335;24028;82;Personal Auto;Four-Door Car;393;0
KA61892;Arizona;M;College;387364;28142;105;Personal Auto;Luxury;701;0
OS94884;Arizona;F;Bachelor;764928;52705;64;Personal Auto;Two-Door Car;128;1
ND87334;California;M;High School or Below;228759;0;63;Corporate Auto;Two-Door Car;679;0
OY51402;Washington;F;High School or Below;825576;54040;103;Personal Auto;SUV;59;0
YL74911;California;F;College;871492;0;118;Personal Auto;SUV;566;0
GK92563;Washington;F;Doctor;681923;22492;85;Personal Auto;Two-Door Car;61;0
HL53154;California;M;Bachelor;741619;0;77;Personal Auto;Four-Door Car;554;2
RI78966;Oregon;M;Master;777115;21876;68;Personal Auto;Four-Door Car;465;0
IC13702;California;F;Bachelor;696834;0;69;Personal Auto;Four-Door Car;496;1
BE10809;California;F;High School or Below;425028;0;61;Personal Auto;Four-Door Car;292;1
HT87217;Oregon;F;High School or Below;1977656;70699;82;Personal Auto;Four-Door Car;256;0
TH95618;California;F;High School or Below;2134346;0;74;Personal Auto;Four-Door Car;355;1
TS19868;California;M;College;241313;27501;63;Personal Auto;Four-Door Car;542;0
LP45550;Oregon;F;Doctor;1536384;15897;101;Personal Auto;Four-Door Car;303;0
QR87004;Nevada;F;College;845696;25141;73;Personal Auto;Four-Door Car;25;1
OE75747;Nevada;F;College;218964;0;61;Personal Auto;Four-Door Car;292;3
DX91392;California;M;High School or Below;578018;51066;74;Personal Auto;Four-Door Car;787;0
AB72731;California;F;Bachelor;463998;28358;117;Personal Auto;Luxury;84;0
GX84338;Washington;F;Doctor;382443;62530;95;Personal Auto;Four-Door Car;61;0
IS12901;Arizona;F;Bachelor;596811;90972;74;Personal Auto;Two-Door Car;232;0
BN90616;Washington;F;Bachelor;859033;63110;72;Personal Auto;Four-Door Car;68;0
HH90090;California;F;Bachelor;407663;29549;104;Personal Auto;Luxury;710;0
IU25463;California;F;Bachelor;1225260;0;115;Personal Auto;Four-Door Car;552;1
KC11055;Nevada;F;Bachelor;1693627;39411;217;Personal Auto;Luxury;1122;2
PD33979;Oregon;M;High School or Below;489243;21709;62;Personal Auto;Four-Door Car;408;0
NK71023;Nevada;M;Bachelor;994230;67890;85;Personal Auto;Four-Door Car;408;0
AB13432;California;M;Bachelor;373583;0;110;Personal Auto;SUV;792;0
OZ97704;California;F;High School or Below;1311752;84311;111;Personal Auto;SUV;532;4
UF46533;California;F;College;457452;99316;114;Corporate Auto;SUV;754;0
XP47431;Arizona;F;Bachelor;547006;54507;138;Personal Auto;SUV;702;0
GK73582;California;F;Bachelor;297884;64586;76;Personal Auto;Four-Door Car;206;0
RV98763;Oregon;M;College;641096;61709;82;Personal Auto;Four-Door Car;275;2
II62831;California;M;Master;447902;94656;111;Special Auto;SUV;459;1
XK33449;California;F;High School or Below;238373;0;69;Special Auto;Two-Door Car;496;0
TR85083;California;M;Bachelor;276449;61085;70;Personal Auto;Two-Door Car;336;1
EO95328;Oregon;F;Bachelor;792010;89284;67;Personal Auto;Two-Door Car;321;3
EN21086;Arizona;F;High School or Below;688909;0;63;Personal Auto;Four-Door Car;302;0
YL83902;Washington;F;Bachelor;327419;31686;81;Personal Auto;Four-Door Car;430;0
AZ62651;Oregon;M;High School or Below;995170;56855;255;Corporate Auto;Luxury;1836;0
ZW25874;Oregon;M;Bachelor;252155;53703;67;Special Auto;Four-Door Car;67;2
EH41854;Washington;F;High School or Below;2370611;0;96;Personal Auto;Two-Door Car;844;1
MW70227;California;M;College;604702;20396;76;Personal Auto;Four-Door Car;364;1
SL22297;California;F;Master;1114030;27679;150;Personal Auto;SUV;722;0
RV14138;Nevada;F;Bachelor;433406;23904;123;Personal Auto;SUV;590;3
UO62808;Arizona;F;High School or Below;279974;65351;69;Corporate Auto;Four-Door Car;481;0
ZX64745;California;M;College;792313;0;113;Personal Auto;SUV;1124;0
FL34139;California;M;High School or Below;368811;0;63;Personal Auto;Four-Door Car;669;3
TS11219;California;M;College;1206745;0;116;Personal Auto;SUV;1284;0
XX12304;California;F;College;292497;64459;72;Personal Auto;Four-Door Car;240;0
SD64087;California;M;College;1501409;32961;190;Corporate Auto;SUV;912;0
OY38576;Oregon;F;High School or Below;927723;71416;116;Corporate Auto;SUV;556;0
BG76355;Washington;F;Bachelor;627412;68964;78;Personal Auto;Four-Door Car;115;0
IP66913;California;M;High School or Below;388664;78108;98;Personal Auto;Two-Door Car;470;0
LE95702;California;M;College;438627;10621;67;Special Auto;Four-Door Car;321;0
KX54357;Washington;M;College;1136526;84910;95;Corporate Auto;Two-Door Car;383;0
EZ78112;California;F;High School or Below;561096;77493;70;Special Auto;Four-Door Car;307;0
XN16891;Arizona;M;College;291289;81097;74;Personal Auto;Four-Door Car;355;0
XK31350;Oregon;F;College;691572;96610;85;Corporate Auto;Four-Door Car;520;0
CC30924;Oregon;M;College;626266;30110;159;Corporate Auto;Luxury;466;0
IT78748;Oregon;F;High School or Below;650339;22081;84;Special Auto;Two-Door Car;451;0
KY33386;Washington;F;High School or Below;800739;0;112;Personal Auto;Luxury;537;0
CO44221;California;M;College;292991;98473;72;Personal Auto;Four-Door Car;345;0
LK60013;Oregon;F;Bachelor;596955;97431;74;Personal Auto;Four-Door Car;355;0
DE21533;California;M;Bachelor;547315;93870;69;Personal Auto;Four-Door Car;331;0
YS94121;Nevada;M;High School or Below;564539;50366;72;Personal Auto;Four-Door Car;428;0
UK68427;Washington;M;High School or Below;636926;34498;83;Personal Auto;Two-Door Car;398;0
TE49565;Oregon;F;College;1183376;16552;103;Personal Auto;SUV;494;0
RA88421;Oregon;F;College;612110;26787;77;Personal Auto;Four-Door Car;369;0
KQ51983;Nevada;M;College;515936;0;74;Personal Auto;Two-Door Car;831;0
CD88896;Nevada;F;High School or Below;251459;43860;65;Corporate Auto;Four-Door Car;156;0
YV22553;Arizona;M;High School or Below;866861;21474;114;Corporate Auto;SUV;373;2
WU14435;California;M;Bachelor;496096;18174;66;Corporate Auto;Four-Door Car;395;0
XV84099;Arizona;F;Bachelor;550413;0;73;Corporate Auto;Four-Door Car;350;0
RI24911;Arizona;M;College;750745;60920;64;Personal Auto;Two-Door Car;231;0
KO26461;Arizona;M;High School or Below;3226985;41520;90;Personal Auto;Four-Door Car;289;0
HI14283;Oregon;F;Bachelor;565703;0;152;Personal Auto;SUV;729;0
PT50227;Arizona;M;High School or Below;506175;0;68;Personal Auto;Two-Door Car;326;0
BH36570;California;M;Bachelor;591278;72208;73;Personal Auto;Two-Door Car;350;0
TX17484;California;F;Bachelor;1518227;53863;63;Personal Auto;Four-Door Car;105;0
CT41158;Washington;M;College;1074703;66446;136;Corporate Auto;SUV;639;0
AO87348;Washington;M;College;205062;0;61;Personal Auto;Four-Door Car;292;0
DE55857;Washington;F;Bachelor;246544;64997;63;Personal Auto;Four-Door Car;383;1
LF66923;Nevada;F;High School or Below;534312;64460;66;Corporate Auto;Two-Door Car;316;0
CN24514;Arizona;F;College;811982;46618;67;Personal Auto;Four-Door Car;99;0
UW32074;Oregon;F;College;460526;0;64;Corporate Auto;Four-Door Car;307;0
HP36979;California;M;College;640878;49988;84;Personal Auto;Two-Door Car;566;5
PP40919;California;F;College;237653;0;91;Personal Auto;Two-Door Car;436;5
RO73268;California;M;Bachelor;321107;16269;86;Corporate Auto;Two-Door Car;412;0
HO61691;Arizona;F;Bachelor;509452;72006;64;Personal Auto;Four-Door Car;307;0
BS13062;Arizona;F;High School or Below;2575527;0;81;Personal Auto;Four-Door Car;388;2
FO35655;Oregon;M;Bachelor;867222;0;245;Corporate Auto;Luxury;2345;0
HR10526;California;M;Master;804473;44320;67;Personal Auto;Four-Door Car;321;0
IA63417;Arizona;F;High School or Below;400151;19782;108;Personal Auto;Two-Door Car;773;0
BH35016;Nevada;F;Bachelor;1670611;63933;70;Personal Auto;Two-Door Car;424;0
PK52952;Arizona;M;Doctor;854441;28224;109;Personal Auto;SUV;523;0
OD76309;Washington;F;College;780531;21073;106;Personal Auto;SUV;508;1
IL28481;Oregon;M;Bachelor;611275;63243;77;Personal Auto;Four-Door Car;364;0
GY55092;Nevada;M;High School or Below;477294;20993;133;Personal Auto;SUV;638;0
UF33451;Oregon;F;Bachelor;1097909;94827;135;Personal Auto;SUV;354;0
CF15558;California;F;Master;500426;39161;63;Personal Auto;Two-Door Car;283;1
JM62924;Washington;M;Bachelor;1322304;37534;84;Personal Auto;Four-Door Car;403;2
EM66435;Oregon;F;Bachelor;262331;80210;65;Corporate Auto;Four-Door Car;20;0
QX45933;California;M;Bachelor;1784019;0;62;Personal Auto;Four-Door Car;385;0
JI71369;California;F;College;510611;30110;64;Personal Auto;Four-Door Car;140;0
JU93290;Arizona;F;College;1793060;21708;68;Personal Auto;Four-Door Car;326;0
GU66096;Arizona;M;High School or Below;545734;94731;67;Personal Auto;Four-Door Car;321;0
UC33108;California;M;Bachelor;656364;32375;83;Personal Auto;Four-Door Car;398;0
LW93867;Oregon;M;College;481252;16531;63;Corporate Auto;Four-Door Car;102;0
OU78470;Arizona;F;Master;2932804;32006;94;Corporate Auto;Four-Door Car;56;0
XW90265;Arizona;F;Bachelor;577352;81676;72;Personal Auto;Two-Door Car;463;0
HS67749;California;M;College;684711;71038;86;Corporate Auto;Four-Door Car;205;0
VZ51506;Arizona;F;High School or Below;359531;0;103;Corporate Auto;Luxury;741;0
UI64281;Nevada;F;Master;2285561;20832;65;Personal Auto;Two-Door Car;56;0
AE98193;Washington;M;High School or Below;785941;0;113;Personal Auto;SUV;813;0
AZ74055;Oregon;M;High School or Below;411557;52405;103;Personal Auto;Four-Door Car;494;0
XS76911;Arizona;F;High School or Below;502963;0;133;Personal Auto;Luxury;795;0
AY40674;Washington;F;Bachelor;482141;26583;1005;Personal Auto;SUV;614;4
NA12740;Oregon;M;Master;500431;25486;65;Special Auto;Two-Door Car;72;0
UA84837;Arizona;M;College;863005;24065;111;Corporate Auto;Four-Door Car;532;0
DJ51510;Arizona;F;High School or Below;932208;70435;116;Personal Auto;Four-Door Car;67;0
VM58985;California;M;College;1672756;0;76;Personal Auto;Two-Door Car;402;2
OH60605;Oregon;F;High School or Below;365253;39679;92;Personal Auto;Two-Door Car;641;0
UO98052;Nevada;M;College;615860;0;89;Personal Auto;Four-Door Car;342;0
NC53424;California;M;Bachelor;437608;0;69;Personal Auto;Two-Door Car;331;4
LQ13873;Nevada;M;High School or Below;556945;53565;71;Personal Auto;Four-Door Car;340;1
LA97014;Washington;M;Bachelor;257651;37574;66;Personal Auto;Two-Door Car;412;1
NB79936;Washington;M;Bachelor;834698;48259;108;Personal Auto;Two-Door Car;73;0
NT89061;Arizona;F;High School or Below;632392;78532;78;Personal Auto;Four-Door Car;374;0
AF10970;Arizona;F;Bachelor;597314;96163;73;Corporate Auto;Four-Door Car;350;0
ZG48513;California;M;Bachelor;470667;0;72;Personal Auto;Four-Door Car;345;0
JQ59145;California;M;High School or Below;809341;0;114;Personal Auto;Luxury;722;1
FE84989;Washington;M;College;503574;72672;63;Personal Auto;Four-Door Car;259;0
JT52858;Oregon;F;Bachelor;902786;99002;112;Personal Auto;Four-Door Car;537;1
MC62068;California;M;High School or Below;728888;79494;91;Personal Auto;Four-Door Car;396;0
EU27538;Oregon;M;Master;1804247;35704;225;Personal Auto;Luxury;358;0
RH42306;Arizona;F;Bachelor;499206;0;71;Corporate Auto;Four-Door Car;653;0
US23612;Oregon;F;High School or Below;910226;26049;118;Personal Auto;Two-Door Car;121;0
WV76014;Arizona;M;Doctor;254040;70125;64;Special Auto;Four-Door Car;92;0
RK96223;California;M;College;1294189;52369;110;Personal Auto;SUV;528;1
MF82000;Washington;F;Bachelor;236534;0;66;Special Auto;Four-Door Car;159;2
FM46980;Arizona;M;College;572076;41770;72;Personal Auto;Four-Door Car;476;0
SY56792;Oregon;M;High School or Below;703553;0;101;Corporate Auto;Four-Door Car;727;0
RF61565;California;M;College;263697;31911;67;Personal Auto;Four-Door Car;321;0
IM94808;Nevada;M;Bachelor;539583;70051;68;Corporate Auto;Four-Door Car;42;0
VI14730;Oregon;M;High School or Below;838263;19683;117;Personal Auto;Luxury;561;1
YR34119;Washington;F;College;3116174;30916;112;Personal Auto;SUV;200;0
RR77985;Oregon;F;Bachelor;288774;0;80;Personal Auto;Four-Door Car;676;0
QD28391;Washington;M;College;742584;84302;62;Personal Auto;Four-Door Car;76;0
WV17090;California;M;Bachelor;2558572;0;116;Corporate Auto;SUV;830;0
TM23514;Oregon;M;College;1027260;60145;132;Personal Auto;SUV;580;0
MQ68407;Oregon;F;Bachelor;437636;63774;111;Personal Auto;Four-Door Car;60;0
GJ59592;California;F;Bachelor;531889;25134;67;Corporate Auto;Four-Door Car;321;0
FY56083;Oregon;M;Bachelor;471976;37057;61;Personal Auto;Four-Door Car;47;1
UA94723;Oregon;F;High School or Below;442803;58577;110;Personal Auto;SUV;303;0
FW91032;California;M;High School or Below;587917;85857;73;Corporate Auto;Four-Door Car;100;0
DE34457;Oregon;F;Doctor;941690;70602;116;Personal Auto;SUV;481;0
HD32044;Oregon;F;Master;828815;33816;106;Corporate Auto;Four-Door Car;508;2
HH30454;Oregon;M;Bachelor;3265483;0;153;Personal Auto;SUV;1101;0
AH84063;Oregon;F;College;471945;89642;121;Corporate Auto;SUV;86;4
QA17596;California;F;Bachelor;390347;60068;98;Personal Auto;Two-Door Car;470;0
XI41052;California;F;Bachelor;545725;50044;139;Personal Auto;SUV;667;0
DI30528;California;F;Master;272535;36650;69;Personal Auto;Four-Door Car;56;1
SC66359;Arizona;F;College;443397;50653;110;Corporate Auto;SUV;262;0
EN61670;Arizona;F;Doctor;533246;68931;66;Personal Auto;Four-Door Car;309;0
DQ10761;Oregon;M;Bachelor;231509;0;73;Corporate Auto;Four-Door Car;350;1
BQ51587;California;F;College;541195;0;73;Personal Auto;Four-Door Car;365;0
JE21522;California;M;Bachelor;958733;39266;80;Personal Auto;Four-Door Car;384;0
WS47147;California;M;College;2210350;0;102;Personal Auto;SUV;489;0
ZA64638;Nevada;F;High School or Below;976494;0;98;Personal Auto;Four-Door Car;705;1
EW38459;Nevada;F;Bachelor;256715;40864;65;Corporate Auto;Four-Door Car;9;0
QW87316;Oregon;F;College;265062;39035;68;Personal Auto;Four-Door Car;244;0
IC43478;California;M;Bachelor;1126436;34923;98;Personal Auto;Two-Door Car;639;0
TE34064;California;M;High School or Below;216852;0;63;Personal Auto;Four-Door Car;453;0
WU60905;California;F;High School or Below;861066;0;111;Corporate Auto;SUV;532;0
YM18992;California;F;College;283464;24506;71;Personal Auto;Two-Door Car;511;0
PD55753;Oregon;M;High School or Below;893013;0;82;Personal Auto;Four-Door Car;554;0
KU56006;Arizona;F;College;553638;52220;70;Personal Auto;Four-Door Car;336;1
MJ69973;Arizona;M;High School or Below;284085;0;74;Personal Auto;Two-Door Car;402;0
TW43626;California;M;College;808288;53554;67;Personal Auto;Four-Door Car;327;0
XX84133;California;M;Bachelor;525473;34476;67;Corporate Auto;Four-Door Car;5;1
ZW84453;Arizona;F;Bachelor;511623;0;70;Personal Auto;Four-Door Car;131;0
HO29524;California;M;College;303464;68205;76;Personal Auto;Two-Door Car;99;0
VE89726;California;F;High School or Below;802489;0;119;Personal Auto;SUV;856;1
GE87503;California;M;High School or Below;1821114;53690;154;Personal Auto;SUV;739;0
PX90263;Oregon;M;High School or Below;512156;0;72;Personal Auto;Four-Door Car;518;0
NI17718;California;F;High School or Below;215017;0;61;Personal Auto;Four-Door Car;292;0
FY32213;California;F;High School or Below;559538;74454;71;Personal Auto;Four-Door Car;340;0
RZ13254;Nevada;F;Bachelor;756282;0;73;Personal Auto;Four-Door Car;350;0
GN45013;Oregon;M;High School or Below;538585;29664;71;Personal Auto;Four-Door Car;340;0
NM39588;Washington;F;Doctor;267805;72450;66;Corporate Auto;Four-Door Car;84;0
KU84464;Nevada;F;Bachelor;942256;47272;79;Personal Auto;Four-Door Car;64;3
YH43527;Oregon;F;College;360586;21585;92;Corporate Auto;Four-Door Car;441;0
RO30676;California;F;College;776259;23827;106;Personal Auto;Four-Door Car;37;2
QL59704;Arizona;F;College;2344490;69906;74;Corporate Auto;Four-Door Car;202;2
QH19450;California;F;High School or Below;255817;0;72;Corporate Auto;Four-Door Car;345;0
SA54664;Washington;M;Master;265438;73196;66;Personal Auto;Four-Door Car;85;1
CI38330;Washington;M;Bachelor;254978;72217;6464;Personal Auto;Four-Door Car;91;0
WB38524;California;M;High School or Below;296959;46131;74;Personal Auto;Two-Door Car;355;0
CE56187;Oregon;F;Master;436312;54514;109;Personal Auto;SUV;286;3
JL19416;California;F;High School or Below;588430;0;161;Personal Auto;SUV;1159;0
JZ61422;Nevada;F;College;527219;96668;66;Personal Auto;Four-Door Car;316;0
LA13377;California;M;Doctor;550989;78879;69;Personal Auto;Four-Door Car;466;1
NC99948;Nevada;M;College;1631368;0;69;Personal Auto;Four-Door Car;331;0
QD34785;Arizona;F;Bachelor;567805;0;76;Personal Auto;Four-Door Car;364;0
RO26085;California;F;Bachelor;1210120;0;112;Personal Auto;Luxury;1252;0
ES57969;Oregon;M;Bachelor;245357;29735;69;Personal Auto;Four-Door Car;331;0
JK55587;California;M;High School or Below;507566;23082;65;Special Auto;Four-Door Car;312;0
RN97635;Arizona;M;Bachelor;321497;53984;80;Corporate Auto;Four-Door Car;421;0
BI76326;California;F;College;1227534;52135;156;Personal Auto;SUV;430;0
JA34909;California;F;College;272221;17576;71;Corporate Auto;Four-Door Car;398;0
OJ90342;Oregon;F;Bachelor;245744;29486;62;Personal Auto;Four-Door Car;7;0
CM88932;Oregon;F;Master;355484;58557;88;Corporate Auto;Four-Door Car;55;0
JJ97525;California;M;Bachelor;492954;25632;63;Personal Auto;Two-Door Car;351;0
XV21647;California;F;High School or Below;803645;0;112;Personal Auto;Luxury;806;0
MC83487;Arizona;M;Bachelor;427691;18768;68;Corporate Auto;Four-Door Car;647;3
BL90769;California;F;Bachelor;3347334;33190;106;Personal Auto;SUV;508;0
CR57148;Oregon;F;Master;596058;47945;74;Personal Auto;Two-Door Car;128;0
CP85232;Arizona;M;College;4479546;58778;126;Special Auto;SUV;302;0
YL74732;California;F;High School or Below;383211;15192;100;Personal Auto;SUV;480;0
FG16766;California;F;Bachelor;683793;51859;171;Personal Auto;SUV;1003;0
NV55438;Nevada;F;High School or Below;528526;23422;72;Personal Auto;Two-Door Car;518;0
RM10880;California;F;College;309651;21604;79;Corporate Auto;Four-Door Car;379;0
GL56175;Arizona;M;College;358971;79298;90;Personal Auto;Four-Door Car;244;0
UK52289;Arizona;F;Bachelor;258240;76731;64;Special Auto;Four-Door Car;201;0
OT85112;Washington;M;College;340391;38460;88;Personal Auto;Four-Door Car;91;1
BC62782;Arizona;F;College;1357567;48534;115;Personal Auto;SUV;552;1
TI19722;Washington;M;Doctor;343613;30817;88;Corporate Auto;Four-Door Car;91;0
JP30654;Oregon;F;College;2868582;48412;104;Personal Auto;SUV;707;0
UM45563;Washington;M;Bachelor;450267;68798;114;Personal Auto;SUV;92;0
EN60878;Oregon;M;Bachelor;618311;23712;85;Personal Auto;Four-Door Car;376;0
JF36291;California;M;College;387364;28142;105;Personal Auto;Luxury;701;0
BK59444;California;F;Master;1892933;72196;68;Personal Auto;Four-Door Car;152;0
MK70700;California;M;Master;555329;68197;69;Personal Auto;Four-Door Car;176;0
IW71076;California;M;Bachelor;501125;75248;63;Corporate Auto;Four-Door Car;104;0
AP98768;California;F;College;1044244;0;98;Personal Auto;Four-Door Car;941;0
OM24164;Nevada;M;Bachelor;219961;0;65;Personal Auto;Two-Door Car;468;1
HR85211;Washington;F;Master;512317;89879;63;Personal Auto;Two-Door Car;94;0
VC87846;Oregon;M;High School or Below;748431;46998;96;Corporate Auto;Four-Door Car;460;0
ZM92052;Oregon;M;Bachelor;261302;57099;67;Personal Auto;Two-Door Car;67;0
ON73702;Arizona;F;Bachelor;908063;33897;114;Corporate Auto;SUV;539;0
QQ90441;Nevada;F;High School or Below;1377097;59207;116;Personal Auto;Four-Door Car;556;0
HU35721;Oregon;M;High School or Below;287682;40171;73;Personal Auto;Four-Door Car;350;0
YP47665;Washington;M;Doctor;540891;80192;67;Personal Auto;Four-Door Car;95;0
FU99476;Washington;M;High School or Below;677030;74422;85;Personal Auto;Four-Door Car;95;1
AG85615;Oregon;M;College;2414387;0;87;Special Auto;Four-Door Car;626;0
OY74069;Arizona;F;College;353805;0;67;Personal Auto;Four-Door Car;321;5
DJ91267;Nevada;F;Bachelor;2909123;34226;244;Personal Auto;Luxury;494;0
KB72438;California;F;High School or Below;1983420;65989;123;Personal Auto;SUV;115;1
TR67616;Oregon;M;High School or Below;473136;30686;61;Corporate Auto;Four-Door Car;19;0
GF65731;California;F;Master;3553784;0;113;Personal Auto;Luxury;799;0
HB67642;Arizona;F;High School or Below;3461137;20090;109;Personal Auto;Luxury;523;0
DP84567;California;M;High School or Below;2021630;0;183;Personal Auto;Luxury;878;0
VV77534;Oregon;M;College;1397651;77094;176;Personal Auto;SUV;444;0
GL67540;California;F;College;590408;97413;73;Personal Auto;Four-Door Car;268;0
SV50502;Oregon;F;Master;559583;79189;69;Corporate Auto;Four-Door Car;331;0
UK59698;California;F;High School or Below;229430;0;62;Personal Auto;Two-Door Car;297;0
OA57352;Arizona;F;College;627391;18577;86;Personal Auto;Four-Door Car;412;0
ZF84449;Oregon;F;College;372672;0;112;Special Auto;Luxury;806;1
AX86150;Washington;M;High School or Below;265671;62777;67;Personal Auto;Two-Door Car;101;0
HG39060;Oregon;M;Bachelor;511068;0;74;Corporate Auto;Four-Door Car;532;0
EM29359;Nevada;M;College;712659;17483;183;Personal Auto;Luxury;1317;0
SF57173;Oregon;M;Master;460163;84394;114;Personal Auto;SUV;691;0
OT47603;Oregon;M;College;915523;0;127;Personal Auto;Luxury;804;0
SW31412;Oregon;F;College;1480805;41440;62;Personal Auto;Four-Door Car;297;1
JS36322;Arizona;M;High School or Below;890167;0;136;Personal Auto;Luxury;1090;1
RE81445;Oregon;F;College;573459;98132;71;Personal Auto;Two-Door Car;50;0
RM24280;Oregon;F;High School or Below;417769;0;112;Personal Auto;Four-Door Car;537;0
LC25393;California;M;Bachelor;2777628;88220;230;Personal Auto;Luxury;151;0
UX38930;Arizona;F;Master;1036434;58327;129;Personal Auto;SUV;347;0
HD95496;Oregon;M;Master;785190;25950;66;Personal Auto;Two-Door Car;271;0
RX24650;Oregon;M;High School or Below;477294;20993;133;Corporate Auto;SUV;638;0
DW19309;Oregon;M;High School or Below;1422650;65726;177;Corporate Auto;SUV;849;0
MT41386;Washington;M;Bachelor;287543;84768;72;Personal Auto;Two-Door Car;110;0
WZ40465;Washington;F;Bachelor;504129;36234;63;Personal Auto;Four-Door Car;113;0
DB42794;California;M;College;436293;58842;110;Personal Auto;Four-Door Car;528;0
JB50798;Oregon;F;Master;962452;25629;124;Corporate Auto;Luxury;595;2
IP69763;Washington;F;College;2191440;77311;181;Personal Auto;SUV;113;0
TE35785;California;M;Doctor;694842;0;196;Personal Auto;Luxury;1337;2
HX74855;Washington;M;High School or Below;247152;95697;61;Personal Auto;Two-Door Car;114;0
QN65180;Oregon;F;Bachelor;2190391;22254;79;Personal Auto;Four-Door Car;125;0
GE47180;Nevada;M;High School or Below;902882;65974;113;Personal Auto;Luxury;235;0
VQ38776;Oregon;F;College;530375;0;76;Personal Auto;Four-Door Car;395;0
BH86846;Washington;M;High School or Below;2070825;92079;65;Corporate Auto;Four-Door Car;114;1
IN17648;Nevada;M;High School or Below;512376;0;74;Personal Auto;Two-Door Car;772;0
DF95759;Oregon;M;College;949234;0;132;Personal Auto;SUV;633;0
QG45324;Oregon;F;High School or Below;820486;0;73;Personal Auto;Four-Door Car;350;0
MN61620;Arizona;F;College;987729;67752;131;Personal Auto;Luxury;168;4
YH86390;California;F;Bachelor;481500;25398;64;Corporate Auto;Four-Door Car;307;0
FY13480;California;M;High School or Below;627701;0;88;Personal Auto;Four-Door Car;633;0
YH61661;California;M;High School or Below;826063;33321;105;Special Auto;SUV;504;0
NL93182;Nevada;M;Bachelor;254945;0;78;Corporate Auto;Four-Door Car;845;0
LN31673;Washington;U;College;1131808;38923;99;Personal Auto;Four-Door Car;115;2
WE68644;Oregon;F;Bachelor;380392;20325;100;Personal Auto;Luxury;668;0
EZ30498;Oregon;M;Bachelor;863540;13129;117;Personal Auto;SUV;700;0
QY74517;Oregon;F;High School or Below;551055;0;73;Personal Auto;Four-Door Car;525;0
NM88660;Nevada;M;Master;358588;49080;91;Corporate Auto;Four-Door Car;25;0
MZ82036;Nevada;M;College;488925;42536;63;Personal Auto;Four-Door Car;375;0
ID20929;Oregon;M;Bachelor;275694;29926;74;Corporate Auto;Four-Door Car;418;0
EY50028;Nevada;M;Doctor;328954;0;86;Corporate Auto;Two-Door Car;398;0
TT82373;California;F;Bachelor;1093717;21450;138;Personal Auto;Luxury;938;0
OH64088;California;M;High School or Below;737556;33345;65;Corporate Auto;Four-Door Car;338;0
SK97780;California;F;Bachelor;1011077;15752;90;Corporate Auto;Two-Door Car;339;0
IO33050;Oregon;F;High School or Below;511941;40169;65;Personal Auto;Four-Door Car;302;1
XA55917;California;F;College;853383;26049;113;Personal Auto;SUV;619;1
JK32620;Nevada;M;College;222476;0;68;Personal Auto;Four-Door Car;326;0
RQ19236;Arizona;M;Doctor;804280;55411;100;Personal Auto;Luxury;259;0
QC47433;Oregon;M;College;255443;12459;70;Personal Auto;Four-Door Car;336;0
RA93608;Oregon;M;Bachelor;1807394;64620;76;Personal Auto;Two-Door Car;364;1
XH97711;California;M;Bachelor;243050;83140;61;Corporate Auto;Four-Door Car;179;0
AU96286;Oregon;F;Bachelor;316765;0;92;Corporate Auto;Four-Door Car;662;0
KC17170;Arizona;F;Bachelor;546560;54422;68;Corporate Auto;Four-Door Car;75;0
ZN47335;California;M;College;1035751;68309;131;Corporate Auto;SUV;306;0
EI46264;California;M;High School or Below;253781;56621;65;Personal Auto;Four-Door Car;84;2
EK87864;Arizona;F;College;282194;38977;70;Special Auto;Four-Door Car;139;0
GV45403;Arizona;M;Bachelor;775712;0;111;Corporate Auto;Two-Door Car;607;0
QK31192;Arizona;M;High School or Below;407913;0;114;Corporate Auto;Two-Door Car;631;0
LU89008;Arizona;F;College;595554;0;83;Personal Auto;Four-Door Car;628;0
NS10490;Oregon;F;Bachelor;1415861;83235;70;Personal Auto;Two-Door Car;336;0
KL98495;Nevada;M;College;848723;0;74;Personal Auto;Two-Door Car;426;0
IU96845;Arizona;M;College;628547;32390;80;Personal Auto;Four-Door Car;91;0
QL93655;Oregon;F;High School or Below;1147348;66538;95;Personal Auto;Two-Door Car;317;0
PF40592;Washington;F;College;494263;23285;65;Personal Auto;Two-Door Car;118;0
LZ34046;Oregon;M;Bachelor;2359468;76358;66;Personal Auto;Four-Door Car;86;0
JC80093;Washington;M;Master;257250;21104;66;Personal Auto;Four-Door Car;118;0
YE88490;Arizona;F;College;538089;55350;67;Personal Auto;Four-Door Car;321;0
YC80498;California;F;College;477055;12964;65;Personal Auto;Two-Door Car;362;0
AI85843;Arizona;F;Master;675665;33288;86;Personal Auto;Four-Door Car;221;2
XD66024;Arizona;F;College;593601;0;84;Personal Auto;Four-Door Car;980;0
FY51713;Arizona;F;Bachelor;357076;56168;88;Personal Auto;Four-Door Car;614;0
PH26378;California;M;College;601996;0;92;Personal Auto;Four-Door Car;662;0
WQ18638;Oregon;M;High School or Below;542686;23105;69;Personal Auto;Two-Door Car;331;0
KY14688;Oregon;F;Master;273031;36218;68;Personal Auto;Four-Door Car;145;0
TC97762;California;F;High School or Below;498268;52275;62;Corporate Auto;Four-Door Car;374;0
QC87108;Oregon;F;College;876926;49665;74;Personal Auto;Four-Door Car;355;0
CX12134;Nevada;M;High School or Below;422061;32471;110;Personal Auto;Two-Door Car;528;0
SM73248;Arizona;M;High School or Below;1153750;0;86;Corporate Auto;Two-Door Car;619;1
CK19789;California;F;Master;588718;62773;73;Personal Auto;Four-Door Car;80;0
UV12583;California;F;College;470058;76694;117;Personal Auto;SUV;561;0
JC11405;Oregon;M;High School or Below;1096395;55687;276;Personal Auto;Luxury;1324;0
KA89683;Arizona;F;High School or Below;252317;0;70;Personal Auto;Four-Door Car;504;0
BG85305;Nevada;M;Doctor;375780;36633;96;Personal Auto;Four-Door Car;460;1
UQ87917;Oregon;M;High School or Below;1294173;77060;106;Personal Auto;SUV;468;0
XN11823;Nevada;F;Bachelor;376446;92600;94;Corporate Auto;Two-Door Car;842;0
OS46571;California;M;High School or Below;688955;0;66;Personal Auto;Four-Door Car;475;0
PX17116;Nevada;M;College;362345;0;111;Corporate Auto;SUV;1171;2
RP19541;Arizona;M;College;758211;64801;64;Personal Auto;Four-Door Car;268;0
ZR25747;Oregon;F;College;827774;45257;103;Corporate Auto;Two-Door Car;494;0
NQ86532;California;M;High School or Below;257645;26854;66;Personal Auto;Four-Door Car;475;0
JY27336;Oregon;F;College;820538;85840;102;Corporate Auto;SUV;138;2
PB54378;Oregon;F;Doctor;1958246;26463;72;Corporate Auto;Four-Door Car;345;0
SV38190;Nevada;F;Bachelor;648152;30689;81;Personal Auto;Four-Door Car;467;0
CV24005;Oregon;M;High School or Below;259931;29590;66;Corporate Auto;Two-Door Car;467;0
EX28656;Oregon;F;College;983033;25965;253;Personal Auto;Luxury;1214;0
CF57022;Oregon;M;Bachelor;1044265;17269;139;Personal Auto;SUV;667;0
GM16780;Oregon;M;College;3605753;90330;137;Corporate Auto;Luxury;192;3
BX94438;California;F;High School or Below;847003;0;113;Corporate Auto;SUV;619;0
RM41745;California;F;High School or Below;827878;0;110;Personal Auto;Four-Door Car;1002;0
XR70252;California;F;High School or Below;478893;0;67;Personal Auto;Two-Door Car;321;1
YH92099;Arizona;F;Bachelor;308799;18558;80;Special Auto;Four-Door Car;384;0
SG81493;Arizona;M;Bachelor;444373;46384;113;Corporate Auto;Four-Door Car;251;0
ZX23819;Oregon;F;High School or Below;798408;0;72;Personal Auto;Two-Door Car;866;0
FJ54907;Oregon;F;College;718097;42303;180;Personal Auto;Luxury;1210;0
CU26127;California;F;Bachelor;1565603;71731;130;Corporate Auto;SUV;599;0
YH60476;Oregon;M;High School or Below;578018;51066;74;Corporate Auto;Four-Door Car;787;0
ZZ97035;California;M;College;2071494;0;203;Corporate Auto;Luxury;2027;0
GE82737;Nevada;F;Bachelor;533735;0;86;Personal Auto;Four-Door Car;619;3
KY21873;Arizona;M;College;505082;0;69;Personal Auto;Two-Door Car;72;0
UA51318;Arizona;F;High School or Below;511662;26173;68;Corporate Auto;Four-Door Car;449;1
BV55014;Oregon;M;Bachelor;726873;24445;63;Personal Auto;Two-Door Car;302;0
HX21307;Oregon;M;College;261661;72302;66;Personal Auto;Two-Door Car;316;0
LQ68252;Oregon;M;High School or Below;373843;27208;102;Personal Auto;SUV;489;0
CR92802;California;F;Master;272535;36650;69;Special Auto;Four-Door Car;56;1
SL35268;Arizona;M;College;545386;30855;68;Corporate Auto;Four-Door Car;259;0
RD62882;Arizona;F;Bachelor;684615;0;95;Personal Auto;Two-Door Car;456;0
JS42382;Oregon;M;Master;617291;99960;76;Corporate Auto;Four-Door Car;364;0
BT30554;Arizona;F;Bachelor;1034632;0;98;Personal Auto;Four-Door Car;470;0
VP57424;Nevada;F;Bachelor;699700;55873;88;Personal Auto;Four-Door Car;299;0
VU19243;Arizona;F;High School or Below;419625;18052;111;Personal Auto;Four-Door Car;699;0
TA82973;Oregon;F;High School or Below;785810;28937;104;Personal Auto;SUV;117;2
GK71720;Oregon;F;High School or Below;606434;0;86;Personal Auto;Four-Door Car;545;0
OQ61223;California;M;College;1749752;0;73;Personal Auto;Two-Door Car;350;0
LL62746;Oregon;M;Doctor;897064;12829;118;Personal Auto;SUV;328;0
JQ56711;Oregon;F;Master;592311;92163;73;Personal Auto;Two-Door Car;66;0
AW77988;Oregon;M;High School or Below;3585059;17588;192;Personal Auto;Luxury;1382;0
QP84605;Washington;F;Bachelor;870984;41546;111;Corporate Auto;Four-Door Car;121;0
MY97912;Arizona;M;College;1330933;0;127;Personal Auto;SUV;609;0
IB87349;California;M;High School or Below;452850;70340;113;Special Auto;Four-Door Car;542;0
AW73065;Oregon;F;High School or Below;279190;0;74;Personal Auto;Four-Door Car;532;0
BW80872;Washington;M;High School or Below;443441;34549;111;Personal Auto;Four-Door Car;125;0
PX70175;Arizona;M;College;799600;93459;99;Personal Auto;Four-Door Car;655;0
KF75098;Arizona;M;Bachelor;512973;86148;65;Personal Auto;Four-Door Car;312;2
IS50283;California;F;Bachelor;569717;27048;72;Corporate Auto;Four-Door Car;345;0
MY64920;Oregon;F;College;921713;73259;115;Personal Auto;SUV;673;0
KN34250;Oregon;F;College;1020892;35482;129;Corporate Auto;SUV;619;0
GN46207;Oregon;F;Master;417068;29462;107;Personal Auto;SUV;513;1
KL57176;Oregon;F;College;450540;67801;115;Personal Auto;SUV;23;1
MN94234;California;M;High School or Below;310756;0;94;Personal Auto;Two-Door Car;451;4
JY90595;Arizona;M;High School or Below;552866;16042;73;Personal Auto;Two-Door Car;350;0
HK26543;California;M;High School or Below;504586;28056;64;Personal Auto;Four-Door Car;307;1
PN86062;California;M;High School or Below;296272;16495;85;Corporate Auto;Four-Door Car;408;3
VW27730;California;F;Master;866595;41163;108;Corporate Auto;SUV;231;0
SH55671;Arizona;F;College;1141344;0;161;Personal Auto;Luxury;772;1
MO56878;California;M;Bachelor;1548843;33799;109;Corporate Auto;SUV;664;3
VO38365;Washington;F;College;886114;90125;110;Corporate Auto;SUV;128;0
SV35618;Oregon;F;Bachelor;593474;87747;147;Personal Auto;SUV;46;1
RX12347;Nevada;M;College;354323;35695;90;Personal Auto;Four-Door Car;432;0
FR55658;California;M;Master;349002;90985;87;Personal Auto;Four-Door Car;78;0
XS12556;California;F;College;368309;0;101;Corporate Auto;Luxury;564;0
ZU73588;California;M;College;598977;66839;154;Personal Auto;Luxury;739;0
WT43034;California;F;High School or Below;1250084;0;165;Personal Auto;SUV;792;0
VM13430;Oregon;F;Bachelor;860915;79090;107;Corporate Auto;SUV;289;0
TC78849;Oregon;M;Bachelor;249745;24825;64;Personal Auto;Two-Door Car;155;0
VC34764;California;M;College;701917;26806;63;Personal Auto;Four-Door Car;302;0
WO90953;Oregon;F;College;538792;56835;67;Personal Auto;Two-Door Car;326;0
IU47468;Oregon;F;Bachelor;616555;0;88;Special Auto;Two-Door Car;653;0
KO46064;California;M;Bachelor;273020;46135;69;Personal Auto;Four-Door Car;103;0
RB34917;Arizona;F;Bachelor;516211;0;73;Personal Auto;Four-Door Car;809;0
BI38192;Oregon;F;High School or Below;793706;22862;67;Personal Auto;Two-Door Car;321;0
PU18983;Oregon;F;High School or Below;860815;21450;110;Personal Auto;Luxury;528;2
SW79912;Oregon;M;Bachelor;263254;95854;65;Personal Auto;Two-Door Car;312;0
ES39217;Oregon;F;Bachelor;778500;44897;99;Personal Auto;Four-Door Car;580;1
KP72427;Washington;M;High School or Below;2163983;64455;108;Personal Auto;SUV;133;0
UA19178;Oregon;F;Master;498082;53265;62;Personal Auto;Four-Door Car;238;0
PR53785;Arizona;F;High School or Below;745723;0;198;Personal Auto;Luxury;1577;1
XF57481;Washington;M;Master;1064093;50450;90;Personal Auto;Two-Door Car;135;0
CN90378;California;F;High School or Below;686250;54780;88;Personal Auto;Four-Door Car;135;3
KI56154;Nevada;M;High School or Below;904898;0;119;Personal Auto;Luxury;571;0
UI55951;California;M;Bachelor;554803;67798;69;Personal Auto;Four-Door Car;331;0
FF28650;Oregon;M;Bachelor;831268;21442;118;Personal Auto;SUV;566;0
FS55302;California;M;Bachelor;238998;27615;62;Personal Auto;Four-Door Car;297;1
TN79487;California;M;Bachelor;445811;17622;65;Personal Auto;Four-Door Car;312;1
HG32616;Nevada;M;High School or Below;529574;50200;135;Personal Auto;Luxury;637;0
UK41984;Arizona;F;Doctor;383960;0;112;Personal Auto;SUV;537;2
LZ52266;California;F;High School or Below;373150;0;96;Personal Auto;Four-Door Car;460;0
PM27367;California;F;Master;277890;73570;70;Special Auto;Two-Door Car;75;1
ZK21724;Oregon;F;High School or Below;401654;0;111;Personal Auto;SUV;799;0
BH35482;Washington;M;Doctor;493094;70412;61;Corporate Auto;Two-Door Car;136;0
QE22757;Nevada;M;Doctor;249131;36631;62;Personal Auto;Four-Door Car;67;0
ON77649;Oregon;F;College;290887;35895;73;Personal Auto;Four-Door Car;312;0
RN82884;Arizona;F;College;428294;40864;109;Personal Auto;SUV;166;1
CQ75652;Oregon;M;College;834162;0;118;Personal Auto;Four-Door Car;566;0
FF58467;Arizona;F;Master;509078;93018;63;Personal Auto;Four-Door Car;135;0
BS83666;Oregon;M;Bachelor;736618;70014;62;Corporate Auto;Four-Door Car;17;0
WO29605;Oregon;F;College;243687;48875;61;Personal Auto;Two-Door Car;1;0
TL77607;California;M;Bachelor;885268;67969;74;Personal Auto;Four-Door Car;197;0
EZ50606;Oregon;F;High School or Below;2387547;0;108;Corporate Auto;SUV;612;0
OS39723;Oregon;F;Doctor;560049;68665;69;Personal Auto;Two-Door Car;331;0
FN69743;California;M;College;463654;26802;66;Corporate Auto;Two-Door Car;316;1
XW96958;Nevada;M;High School or Below;757334;0;110;Corporate Auto;Four-Door Car;1193;0
TU92578;California;M;College;1469663;45345;125;Personal Auto;SUV;600;0
TL43709;Washington;M;Bachelor;897214;89689;74;Personal Auto;Four-Door Car;136;0
YE68736;California;F;Bachelor;772484;32051;193;Personal Auto;SUV;926;1
OB96537;Oregon;M;Master;594667;81139;74;Special Auto;Four-Door Car;392;0
EU68825;Oregon;F;Master;800054;63834;100;Personal Auto;Luxury;215;1
CC31456;Arizona;M;Bachelor;645756;37548;81;Special Auto;Four-Door Car;160;0
DJ77787;Arizona;F;High School or Below;728144;0;69;Personal Auto;Four-Door Car;371;3
LN26837;California;M;High School or Below;259243;72421;65;Personal Auto;Four-Door Car;312;0
YI92916;Nevada;M;Master;467842;83102;116;Corporate Auto;Four-Door Car;443;0
NW54906;Oregon;M;College;1386992;28432;118;Personal Auto;SUV;612;0
ME77513;Nevada;F;Master;871777;83707;108;Corporate Auto;Four-Door Car;290;0
UK76891;California;F;College;523398;63259;65;Corporate Auto;Four-Door Car;316;0
SI26888;Nevada;F;High School or Below;476418;0;67;Personal Auto;Four-Door Car;405;0
YD74948;Oregon;F;College;247246;63860;62;Personal Auto;Four-Door Car;208;0
HB64268;Washington;M;Bachelor;281369;43836;73;Personal Auto;Four-Door Car;138;0
BW52697;California;F;College;550505;86132;68;Personal Auto;Two-Door Car;301;0
NL41409;Oregon;F;Bachelor;260620;28519;66;Personal Auto;Two-Door Car;456;0
OD69005;Arizona;F;High School or Below;1048194;39102;88;Personal Auto;Four-Door Car;152;0
ZZ91716;California;F;Bachelor;325676;0;89;Personal Auto;Four-Door Car;491;0
UK70255;California;F;College;3047578;97298;128;Personal Auto;Luxury;48;0
QT25383;Nevada;M;High School or Below;636490;41986;84;Personal Auto;Two-Door Car;430;2
AW18068;Arizona;M;High School or Below;946850;0;88;Personal Auto;Two-Door Car;633;0
NS45347;Oregon;F;College;563145;17291;73;Personal Auto;Four-Door Car;350;0
FV19421;California;M;Bachelor;778099;0;74;Personal Auto;Four-Door Car;246;0
XW89091;California;M;College;981652;37256;62;Personal Auto;Four-Door Car;128;0
YC11951;Oregon;M;High School or Below;751913;96306;95;Corporate Auto;Four-Door Car;185;1
UY18770;California;F;Bachelor;1017971;14290;271;Personal Auto;Luxury;1300;0
RA49085;California;F;College;277283;37038;71;Corporate Auto;Four-Door Car;9;1
BG84194;Oregon;M;College;403750;90760;103;Special Auto;SUV;133;2
PT64580;Washington;M;Master;419196;77048;103;Personal Auto;SUV;141;0
MR67738;Oregon;F;High School or Below;267686;54480;67;Personal Auto;Four-Door Car;321;0
DM95829;California;M;College;252395;16244;68;Personal Auto;Two-Door Car;623;0
DB75522;California;F;College;698840;22436;89;Special Auto;Four-Door Car;427;0
LM34525;Washington;F;College;874205;71592;72;Personal Auto;Four-Door Car;141;0
WW30771;Arizona;M;Master;267331;28728;67;Personal Auto;Four-Door Car;321;0
QP65569;Arizona;M;High School or Below;1215732;57449;103;Personal Auto;Four-Door Car;494;0
TN50051;California;F;Doctor;295776;83318;73;Personal Auto;Two-Door Car;211;0
UO86707;Washington;M;Bachelor;717390;75217;61;Personal Auto;Four-Door Car;147;1
JA41698;Nevada;M;Bachelor;309953;0;102;Corporate Auto;SUV;862;5
NX18774;Oregon;M;Bachelor;841568;55308;107;Corporate Auto;SUV;513;0
DA69469;Oregon;F;College;2684312;36068;97;Personal Auto;Two-Door Car;113;0
CN23147;Oregon;M;Bachelor;1305717;48804;112;Corporate Auto;Four-Door Car;537;1
RA68844;Oregon;M;College;959995;0;131;Personal Auto;SUV;943;0
GH42026;Oregon;M;Bachelor;853510;55790;111;Personal Auto;SUV;117;0
BD16530;Arizona;F;Bachelor;829348;70258;69;Personal Auto;Four-Door Car;225;0
JH91579;Oregon;F;Bachelor;684615;0;95;Personal Auto;Two-Door Car;456;0
WK23685;Oregon;F;Bachelor;663685;47274;83;Corporate Auto;Four-Door Car;182;1
GR62267;Washington;F;College;560908;44705;71;Personal Auto;Two-Door Car;148;0
PI78084;Arizona;M;High School or Below;507732;0;73;Personal Auto;Two-Door Car;525;0
GF97874;Washington;F;Master;527562;70446;65;Personal Auto;Four-Door Car;155;0
ZH19885;Washington;F;High School or Below;251459;43860;65;Personal Auto;Four-Door Car;156;0
UK25655;Oregon;F;Bachelor;343525;64348;86;Personal Auto;Two-Door Car;212;0
QR45101;Oregon;M;Bachelor;662461;0;62;Corporate Auto;Two-Door Car;297;0
EL93539;California;M;Master;575744;88997;72;Special Auto;Four-Door Car;174;0
EE99484;Washington;F;High School or Below;251459;43860;65;Corporate Auto;Four-Door Car;156;0
DP46882;California;F;High School or Below;288645;10312;78;Corporate Auto;Four-Door Car;486;0
WP41146;California;F;High School or Below;534143;0;72;Personal Auto;Four-Door Car;345;1
TK60799;Arizona;F;High School or Below;416001;96263;103;Personal Auto;SUV;1;0
DN29808;California;F;College;284624;28919;72;Corporate Auto;Four-Door Car;518;0
SS59521;Oregon;F;College;477025;0;68;Personal Auto;Two-Door Car;326;1
NG66579;Oregon;M;Bachelor;505961;41869;64;Personal Auto;Two-Door Car;262;0
TC14209;Arizona;F;High School or Below;909574;0;128;Personal Auto;SUV;921;0
ED50963;California;F;High School or Below;268886;32808;68;Personal Auto;Four-Door Car;541;1
GP40701;California;F;Bachelor;827763;79780;68;Personal Auto;Four-Door Car;326;0
CP98451;Oregon;F;College;905793;91025;112;Personal Auto;SUV;327;0
NX52648;California;F;High School or Below;380175;33043;95;Personal Auto;Two-Door Car;456;0
ZC32510;Arizona;M;High School or Below;933934;69442;118;Personal Auto;Four-Door Car;1265;3
NG27780;Oregon;M;College;252012;0;70;Corporate Auto;Four-Door Car;63;0
HN95240;Arizona;F;College;498409;0;70;Corporate Auto;Four-Door Car;336;0
EB59129;Oregon;F;Bachelor;259574;47234;65;Personal Auto;Four-Door Car;15;0
RA70851;Oregon;M;High School or Below;743769;86863;92;Personal Auto;Four-Door Car;441;0
PM19162;Oregon;M;Bachelor;1453678;25805;66;Personal Auto;Four-Door Car;375;2
MS59005;Nevada;M;Bachelor;591330;43676;76;Personal Auto;Four-Door Car;364;0
SU71163;Arizona;M;College;277166;59855;74;Personal Auto;Two-Door Car;355;4
BD35676;Arizona;M;Master;2919436;35296;126;Personal Auto;SUV;452;0
NI44621;Oregon;F;Master;988038;36576;125;Personal Auto;SUV;113;1
EW33419;California;F;High School or Below;1511440;28513;100;Corporate Auto;SUV;480;1
HX44948;Oregon;M;Bachelor;575991;85448;72;Special Auto;Four-Door Car;16;0
DL36983;Oregon;F;High School or Below;849516;23791;110;Personal Auto;Two-Door Car;615;3
XR87264;California;F;Bachelor;438118;20597;112;Personal Auto;Four-Door Car;615;0
NN99001;Arizona;F;College;699782;56940;87;Personal Auto;Four-Door Car;512;0
XV95530;Oregon;M;Bachelor;1143058;93210;71;Personal Auto;Two-Door Car;74;0
OL97871;Oregon;F;Bachelor;748248;48992;94;Personal Auto;Four-Door Car;426;1
HQ23708;Arizona;F;Master;859691;53736;71;Personal Auto;Two-Door Car;169;0
WR63188;Arizona;M;College;785496;25378;66;Personal Auto;Four-Door Car;419;1
NG82219;Oregon;F;Bachelor;258240;76731;64;Personal Auto;Four-Door Car;201;0
KU29408;Washington;M;Master;907576;37722;116;Corporate Auto;Luxury;158;0
RE46783;California;F;Bachelor;411858;69379;103;Personal Auto;Two-Door Car;494;0
RU94434;Oregon;M;High School or Below;1215732;57449;103;Personal Auto;Four-Door Car;494;0
GI82355;Arizona;M;Bachelor;515281;0;68;Corporate Auto;Four-Door Car;326;0
VO26340;Nevada;M;College;651297;0;93;Personal Auto;Two-Door Car;669;0
NV61299;Arizona;F;Bachelor;2778969;33806;89;Corporate Auto;Four-Door Car;395;0
DX31066;Washington;F;College;266727;94041;66;Personal Auto;Four-Door Car;159;0
CY50337;Oregon;F;College;1092840;74965;90;Personal Auto;Four-Door Car;58;0
TJ20375;Arizona;F;High School or Below;761538;34095;63;Personal Auto;Two-Door Car;302;0
EP72155;California;F;College;200435;0;66;Personal Auto;Four-Door Car;316;4
JJ76159;California;M;College;243468;96045;61;Corporate Auto;Four-Door Car;8;0
BG15419;Nevada;F;Bachelor;1419536;86355;118;Personal Auto;Luxury;285;0
AO74776;California;F;High School or Below;942768;27824;118;Personal Auto;SUV;566;0
HQ82233;California;M;High School or Below;1198242;42995;101;Personal Auto;SUV;410;0
OL72737;Oregon;F;High School or Below;310278;21235;79;Personal Auto;Two-Door Car;244;0
ZQ59828;California;M;High School or Below;422263;74585;106;Personal Auto;SUV;218;0
NZ15548;Oregon;M;Bachelor;402381;41833;103;Personal Auto;Four-Door Car;643;0
XK61304;California;F;College;529715;23908;70;Personal Auto;Four-Door Car;336;0
EJ44139;Oregon;M;Bachelor;2142363;0;65;Personal Auto;Two-Door Car;312;0
CM94425;Arizona;M;Bachelor;441620;61953;113;Personal Auto;SUV;497;0
OV54878;California;M;Bachelor;463903;0;142;Corporate Auto;SUV;1022;0
JF57282;Nevada;M;Bachelor;486354;0;137;Personal Auto;SUV;657;0
MY37953;Arizona;F;Bachelor;2583090;73760;107;Personal Auto;Luxury;230;1
XP64922;Oregon;F;College;297431;23333;74;Corporate Auto;Four-Door Car;5;0
WL65572;California;M;College;206445;0;61;Personal Auto;Four-Door Car;292;0
LN50325;Arizona;F;High School or Below;1006460;20440;128;Corporate Auto;Luxury;614;2
HJ15383;Washington;M;Master;803240;27658;68;Personal Auto;Four-Door Car;160;0
KH59823;California;M;College;548921;50943;139;Special Auto;SUV;667;0
YM79169;California;M;Bachelor;261275;19003;71;Personal Auto;Two-Door Car;34;0
DR38127;California;M;College;857346;46703;108;Personal Auto;Four-Door Car;678;0
PU42145;California;M;Bachelor;2412750;14072;71;Personal Auto;Four-Door Car;511;0
KM33477;Oregon;M;College;855038;21733;73;Corporate Auto;Four-Door Car;525;0
RI53167;Arizona;M;Bachelor;230864;20811;61;Personal Auto;Four-Door Car;292;0
OF77789;Arizona;F;High School or Below;425462;11904;61;Personal Auto;Two-Door Car;292;2
YB33445;Oregon;F;College;898285;43490;114;Corporate Auto;SUV;174;4
BA17836;California;M;High School or Below;786816;57340;67;Corporate Auto;Four-Door Car;159;0
JS43228;California;M;College;770424;49088;97;Corporate Auto;Four-Door Car;698;0
BB11622;Nevada;M;Master;1055217;47761;131;Personal Auto;SUV;232;0
HQ70429;Washington;F;College;1604510;0;65;Personal Auto;Two-Door Car;163;0
WK88044;Arizona;M;Bachelor;873783;61281;110;Personal Auto;SUV;79;0
LA80525;Nevada;M;Bachelor;545489;0;82;Corporate Auto;Two-Door Car;393;1
EH16250;Arizona;M;Bachelor;770528;25290;66;Personal Auto;Four-Door Car;382;0
PU41872;Arizona;F;High School or Below;703926;24239;88;Personal Auto;Four-Door Car;48;0
HB85743;California;M;Bachelor;883808;82664;114;Personal Auto;SUV;133;3
MM71959;Arizona;M;Bachelor;873352;83210;110;Personal Auto;Luxury;528;0
MB83663;Oregon;F;Bachelor;959747;38736;81;Personal Auto;Two-Door Car;561;0
KR43119;California;M;College;450666;0;66;Personal Auto;Four-Door Car;316;0
KH24214;Oregon;M;College;1785797;55437;64;Personal Auto;Four-Door Car;445;1
AC40767;Washington;M;Bachelor;249780;68041;6464;Personal Auto;Two-Door Car;165;0
HP55391;Oregon;M;Master;542613;0;71;Corporate Auto;Four-Door Car;407;0
EG62398;California;F;High School or Below;799814;29066;100;Personal Auto;SUV;844;0
VS19949;Nevada;M;Bachelor;289762;54337;72;Personal Auto;Four-Door Car;345;0
AM92343;Oregon;F;High School or Below;1159950;67616;96;Personal Auto;Four-Door Car;340;0
GI68556;California;F;Bachelor;1514793;41082;63;Personal Auto;Two-Door Car;106;0
JT11876;Washington;F;High School or Below;543576;0;10202;Personal Auto;Four-Door Car;626;0
XR64251;Nevada;F;Master;272535;36650;69;Personal Auto;Four-Door Car;56;1
MK34957;Oregon;F;College;1329771;50631;112;Special Auto;SUV;784;4
GP18756;California;M;College;992704;19592;92;Personal Auto;Four-Door Car;441;0
AP23850;Washington;F;High School or Below;1777154;0;114;Personal Auto;Two-Door Car;547;0
KQ65521;Arizona;F;College;1826927;55761;115;Personal Auto;Luxury;86;0
EJ19449;California;F;College;272221;17576;71;Special Auto;Four-Door Car;398;0
QB70027;California;F;Bachelor;708321;41449;89;Personal Auto;Four-Door Car;63;0
QW47320;California;F;Bachelor;1017971;14290;271;Personal Auto;Luxury;1300;0
KH64733;Nevada;F;College;588950;62007;73;Personal Auto;Four-Door Car;120;0
ON59472;Arizona;M;High School or Below;1577139;21921;206;Corporate Auto;Luxury;1254;0
HP94242;Arizona;F;Bachelor;528817;42621;66;Personal Auto;Four-Door Car;316;0
RV15398;Oregon;M;College;2758055;0;87;Personal Auto;Four-Door Car;417;1
EA25683;Washington;M;High School or Below;777853;63786;196;Corporate Auto;Luxury;798;0
PW73754;California;F;High School or Below;734186;0;104;Personal Auto;Luxury;82;3
MC71942;California;F;High School or Below;791919;82877;99;Personal Auto;Two-Door Car;22;1
OX72195;Arizona;M;College;216387;0;63;Corporate Auto;Two-Door Car;302;0
YQ99152;Nevada;M;High School or Below;978780;10475;88;Personal Auto;Two-Door Car;422;1
KI19439;Oregon;F;High School or Below;520764;21952;66;Personal Auto;Four-Door Car;316;0
PM76175;Oregon;F;Bachelor;2114727;49721;132;Corporate Auto;Luxury;639;0
US45383;California;M;College;1228076;88340;102;Personal Auto;Two-Door Car;489;0
GT38956;California;F;College;244139;0;65;Personal Auto;Four-Door Car;312;0
SN41301;Oregon;M;Bachelor;653556;0;65;Corporate Auto;Four-Door Car;468;0
BE62503;Washington;F;College;920659;24589;82;Personal Auto;Two-Door Car;511;0
PA16884;California;F;Bachelor;411858;69379;103;Personal Auto;Two-Door Car;494;0
NC58480;Nevada;F;Bachelor;483820;73769;61;Personal Auto;Four-Door Car;239;2
NS39326;California;F;College;462554;66670;114;Personal Auto;SUV;518;0
PN18507;Arizona;M;Bachelor;1404210;88854;118;Personal Auto;Two-Door Car;715;0
EK91340;Oregon;M;Bachelor;754661;31266;193;Corporate Auto;Luxury;926;0
JY16280;California;F;High School or Below;251459;43860;65;Personal Auto;Four-Door Car;156;0
ZW71731;California;M;Bachelor;517035;89284;133;Corporate Auto;SUV;402;2
ZC24631;Oregon;M;College;1391737;67267;89;Corporate Auto;Four-Door Car;94;0
YR34689;California;F;High School or Below;1131813;79270;95;Personal Auto;Four-Door Car;456;3
RT65829;Oregon;M;Bachelor;427636;36692;109;Personal Auto;Four-Door Car;523;1
BZ12077;Oregon;F;High School or Below;432224;0;119;Personal Auto;SUV;571;0
WM65373;California;F;College;800230;0;107;Corporate Auto;SUV;513;0
NH35059;Nevada;M;College;388545;0;105;Corporate Auto;Four-Door Car;504;0
QD38160;Oregon;M;College;447177;0;135;Personal Auto;SUV;972;0
BM15160;California;F;High School or Below;849635;44624;71;Special Auto;Four-Door Car;73;1
VY79030;Arizona;F;College;2250088;0;71;Corporate Auto;Four-Door Car;340;0
EV19512;Nevada;F;Master;1630196;19614;85;Personal Auto;Two-Door Car;574;0
TE13577;Oregon;F;College;231973;0;64;Personal Auto;Four-Door Car;632;0
WY97929;Arizona;M;College;871704;83846;74;Special Auto;Four-Door Car;355;3
YG20683;Washington;M;College;286011;51159;72;Personal Auto;Four-Door Car;4;0
FK75497;California;M;College;245340;83772;62;Personal Auto;Two-Door Car;42;0
NE60110;Arizona;M;College;598977;66839;154;Personal Auto;Luxury;739;0
TN36521;Arizona;F;College;2498022;88440;70;Personal Auto;Two-Door Car;27;0
HG33568;Arizona;F;Master;748263;25666;63;Personal Auto;Four-Door Car;270;2
TW17878;Oregon;F;High School or Below;245757;52926;61;Personal Auto;Four-Door Car;292;0
ZO83562;Nevada;F;Bachelor;237974;0;67;Personal Auto;Four-Door Car;494;0
CH97539;Washington;F;Bachelor;828696;40001;70;Personal Auto;Four-Door Car;142;0
CV29889;California;M;College;239391;0;70;Personal Auto;Four-Door Car;425;0
MO33320;Oregon;M;College;465715;18024;65;Personal Auto;Two-Door Car;312;0
QZ81258;Oregon;F;College;1319792;0;68;Personal Auto;Four-Door Car;326;3
NY56352;Oregon;F;Bachelor;280391;23220;74;Personal Auto;Four-Door Car;251;0
EA27048;California;F;High School or Below;864650;64125;108;Personal Auto;SUV;369;0
UT38865;Oregon;F;College;742587;58042;62;Corporate Auto;Four-Door Car;161;0
QC89139;Oregon;F;High School or Below;452873;90034;112;Corporate Auto;SUV;537;0
LA14484;Nevada;M;High School or Below;222707;27972;61;Special Auto;Four-Door Car;292;0
HN57556;California;F;High School or Below;729294;0;65;Personal Auto;Four-Door Car;312;0
CV31235;Arizona;M;Bachelor;318435;50989;80;Corporate Auto;Four-Door Car;255;0
WR45726;Arizona;F;Bachelor;1131520;11885;101;Special Auto;Four-Door Car;484;0
LB25094;California;F;Bachelor;253070;89451;63;Special Auto;Four-Door Car;61;0
KW56110;Oregon;M;Bachelor;1836155;0;182;Personal Auto;Luxury;1310;0
XO36233;Washington;M;Bachelor;864153;78904;109;Personal Auto;SUV;250;0
ZX86243;Arizona;M;Doctor;327853;70247;83;Personal Auto;Four-Door Car;141;1
DW29763;Arizona;M;High School or Below;527198;32653;67;Personal Auto;Two-Door Car;321;0
CT83377;Washington;M;High School or Below;376363;93595;97;Special Auto;Four-Door Car;49;4
OQ90898;California;M;Master;1395556;90279;115;Personal Auto;SUV;372;0
GO77248;Oregon;F;College;500152;0;72;Personal Auto;Four-Door Car;542;0
QW33258;California;M;Bachelor;708283;53310;189;Personal Auto;Luxury;1360;3
OU79745;California;M;College;761948;0;105;Personal Auto;Four-Door Car;504;0
VZ79886;Oregon;F;Bachelor;1255088;22234;160;Personal Auto;SUV;768;0
FI92440;Washington;F;High School or Below;3219660;91375;99;Personal Auto;Two-Door Car;72;0
YG85980;Nevada;F;High School or Below;679377;22250;86;Personal Auto;Two-Door Car;720;0
QM74621;Oregon;M;Bachelor;527231;0;80;Personal Auto;Four-Door Car;576;0
EI71732;Oregon;F;Doctor;626534;0;84;Personal Auto;Four-Door Car;481;1
VN79010;California;F;High School or Below;854758;51179;71;Corporate Auto;Four-Door Car;466;0
FI61723;California;M;Bachelor;278742;38667;72;Personal Auto;Four-Door Car;159;0
OH55411;California;F;Master;462680;79487;114;Corporate Auto;SUV;547;0
TF10720;Nevada;F;Doctor;866336;67763;107;Personal Auto;Four-Door Car;41;2
NW30838;Nevada;M;High School or Below;387222;0;62;Corporate Auto;Four-Door Car;503;2
CB58476;Oregon;F;College;517081;0;71;Corporate Auto;Four-Door Car;859;0
WI69346;California;F;Master;896028;71943;112;Corporate Auto;SUV;305;0
FS76657;Oregon;F;College;547183;53526;68;Personal Auto;Four-Door Car;278;0
YX89016;Oregon;M;College;3493100;35005;295;Personal Auto;Luxury;1416;0
PK28821;California;M;College;262039;24721;67;Personal Auto;Four-Door Car;139;0
MB51200;Washington;M;College;1906949;0;102;Personal Auto;Four-Door Car;734;2
XG44587;Arizona;M;Master;575744;88997;72;Personal Auto;Four-Door Car;174;0
FG91922;Arizona;M;Master;4022401;48587;111;Personal Auto;SUV;532;0
OM99303;Arizona;F;High School or Below;270148;76310;67;Personal Auto;Two-Door Car;321;0
RV67546;California;M;Bachelor;371243;73205;92;Personal Auto;Four-Door Car;37;0
UJ79253;Oregon;F;College;2185084;51056;78;Personal Auto;Four-Door Car;95;0
PN98247;California;M;College;784016;58414;210;Personal Auto;Luxury;1008;2
IB67546;California;F;Bachelor;823703;23940;107;Personal Auto;SUV;513;0
OE19087;California;F;High School or Below;224347;0;62;Personal Auto;Four-Door Car;446;0
CM95716;California;M;Bachelor;843446;44216;71;Personal Auto;Four-Door Car;72;0
MW62634;California;M;High School or Below;222707;27972;61;Corporate Auto;Four-Door Car;292;0
QW67581;Arizona;F;High School or Below;517002;0;69;Personal Auto;Four-Door Car;331;0
SN16059;California;F;Master;264144;29305;66;Personal Auto;Four-Door Car;475;0
OE51254;California;F;College;279068;53882;69;Personal Auto;Four-Door Car;331;0
RM42344;Oregon;M;College;274512;91757;69;Personal Auto;Four-Door Car;331;1
GB35238;California;F;Bachelor;757953;33906;64;Personal Auto;Two-Door Car;401;0
ML82674;Oregon;M;Bachelor;1097878;68158;139;Personal Auto;SUV;253;1
EI85244;California;M;College;825506;0;134;Personal Auto;SUV;643;3
DE28132;Oregon;M;College;474773;42165;123;Corporate Auto;SUV;799;0
TV25678;Washington;M;College;354090;0;101;Personal Auto;SUV;727;0
TY26512;California;M;Doctor;343613;30817;88;Personal Auto;Four-Door Car;91;0
OB69153;California;M;Bachelor;258218;68074;65;Personal Auto;Four-Door Car;27;0
QZ77637;Washington;F;College;1166509;84978;35353;Corporate Auto;Four-Door Car;166;1
XN41715;California;F;Master;739628;71135;92;Personal Auto;Four-Door Car;270;1
QR15857;California;F;College;433079;0;61;Personal Auto;Two-Door Car;292;0
FL69363;Oregon;M;Master;907576;37722;116;Personal Auto;Luxury;158;0
IS30295;Arizona;F;Bachelor;1463545;0;139;Personal Auto;SUV;667;0
WA25797;Washington;M;High School or Below;856476;95697;107;Personal Auto;Luxury;178;0
NL59519;California;F;College;1156568;64642;96;Personal Auto;Four-Door Car;404;0
ZU93025;Oregon;F;College;277104;50071;71;Personal Auto;Two-Door Car;18;0
DK94262;Oregon;M;High School or Below;850712;46754;106;Personal Auto;SUV;513;1
UQ30615;California;M;College;758211;64801;64;Corporate Auto;Four-Door Car;268;0
OR40060;Arizona;M;Bachelor;332309;70410;83;Personal Auto;Four-Door Car;131;0
DK32872;Nevada;F;High School or Below;523433;66957;131;Personal Auto;SUV;628;1
FA46418;Nevada;F;High School or Below;2470959;24213;78;Personal Auto;Four-Door Car;374;1
ER19995;Washington;F;College;1778627;99790;6464;Personal Auto;Four-Door Car;178;0
KI75855;Oregon;M;Master;255122;79751;63;Personal Auto;Two-Door Car;392;0
ND41876;Arizona;M;High School or Below;724771;86122;182;Personal Auto;Luxury;873;1
PN21042;Arizona;M;Bachelor;453884;82297;116;Personal Auto;Luxury;0;0
GJ43254;Washington;M;College;3164210;89057;98;Corporate Auto;Two-Door Car;187;0
AL46984;California;M;High School or Below;873042;43259;73;Personal Auto;Four-Door Car;350;0
JP58047;Oregon;M;College;833273;0;79;Personal Auto;Four-Door Car;379;0
ZE85014;California;M;College;235774;25064;62;Personal Auto;Four-Door Car;297;0
KU88219;Arizona;M;Master;463716;25816;119;Personal Auto;Luxury;571;0
UU98729;California;M;Bachelor;535719;0;73;Personal Auto;Four-Door Car;350;0
WS82822;Oregon;F;College;539197;41662;69;Corporate Auto;Four-Door Car;217;0
YB49933;Arizona;M;Bachelor;369414;96170;92;Personal Auto;Four-Door Car;441;0
XC16387;Arizona;F;High School or Below;504041;46072;64;Personal Auto;Four-Door Car;25;0
XJ96748;Arizona;F;High School or Below;2749542;37931;99;Personal Auto;Four-Door Car;475;0
TM98684;Oregon;M;High School or Below;484228;35127;62;Personal Auto;Four-Door Car;297;0
AY18433;Washington;F;High School or Below;2738281;45473;76;Special Auto;Two-Door Car;188;0
DM74502;Nevada;F;College;522710;93087;131;Corporate Auto;Luxury;628;3
FT56968;Arizona;M;High School or Below;259009;22398;67;Personal Auto;Four-Door Car;321;2
OX36896;California;M;High School or Below;1053607;92983;87;Corporate Auto;Four-Door Car;153;1
BZ65376;Arizona;M;Bachelor;858127;27689;239;Personal Auto;Luxury;2893;2
LN34660;California;F;College;946311;69654;118;Corporate Auto;SUV;629;0
JC29295;California;F;Bachelor;1344100;80744;111;Personal Auto;SUV;361;0
KJ87930;California;F;Bachelor;388650;0;112;Corporate Auto;SUV;1185;0
XT36360;Arizona;F;High School or Below;678489;0;64;Personal Auto;Four-Door Car;460;1
IX35050;Arizona;M;Bachelor;2359468;76358;66;Special Auto;Four-Door Car;86;0
UN97379;Oregon;M;Bachelor;253862;18608;71;Corporate Auto;Four-Door Car;340;0
MR57294;California;M;High School or Below;563994;73168;70;Personal Auto;Four-Door Car;425;0
UG79499;Washington;M;Bachelor;1168137;70930;99;Personal Auto;Four-Door Car;190;0
UA50747;Washington;F;High School or Below;2599775;62262;72;Corporate Auto;Four-Door Car;193;0
GL20444;Nevada;F;Master;1377836;91474;113;Corporate Auto;Two-Door Car;24;0
SP58110;California;F;Bachelor;492318;61469;63;Personal Auto;Four-Door Car;302;5
XM91635;Arizona;F;High School or Below;227233;16618;62;Special Auto;Four-Door Car;219;0
TV82603;California;F;Bachelor;1489539;48081;188;Personal Auto;Luxury;881;0
BB82067;Oregon;M;Doctor;975604;67632;121;Personal Auto;Luxury;26;0
JP94676;Oregon;F;Bachelor;942297;34115;119;Personal Auto;SUV;466;0
VU53417;Arizona;M;High School or Below;383735;23051;99;Personal Auto;Two-Door Car;475;0
IW54795;California;M;College;1095213;23748;99;Personal Auto;Four-Door Car;607;0
RN78170;Arizona;F;College;815913;40589;69;Corporate Auto;Four-Door Car;331;0
IX55883;California;F;College;1948049;50809;83;Personal Auto;Four-Door Car;290;0
XM72420;Arizona;F;High School or Below;391936;66676;97;Personal Auto;Four-Door Car;558;0
GC15104;Nevada;F;Bachelor;798514;52339;70;Corporate Auto;Four-Door Car;336;3
RX13282;Oregon;M;Bachelor;1216874;14973;115;Personal Auto;SUV;828;0
QA85890;Arizona;F;High School or Below;584932;0;83;Corporate Auto;Four-Door Car;540;0
IR62668;Arizona;F;Bachelor;508583;31546;65;Personal Auto;Four-Door Car;100;0
AL96740;California;F;College;290393;67763;73;Personal Auto;Four-Door Car;59;1
SS48498;Washington;F;College;627317;20836;79;Corporate Auto;Four-Door Car;193;0
PE39479;Washington;M;College;1832141;88592;76;Corporate Auto;Four-Door Car;199;0
JH62891;Oregon;F;College;517870;66943;65;Special Auto;Four-Door Car;53;1
FI20423;Arizona;F;High School or Below;1402435;81872;115;Special Auto;Four-Door Car;256;0
PM13394;Washington;F;College;530943;22404;70;Personal Auto;Four-Door Car;211;1
YV67971;California;F;High School or Below;494980;21342;62;Personal Auto;Four-Door Car;74;0
QD31377;California;M;Bachelor;859566;34621;108;Corporate Auto;SUV;621;1
YG10247;Oregon;M;College;2295189;62396;64;Personal Auto;Four-Door Car;307;0
FE73696;Oregon;M;High School or Below;379213;97212;93;Personal Auto;Two-Door Car;360;0
SW19699;Arizona;F;Bachelor;275574;49648;70;Personal Auto;Four-Door Car;65;0
QJ40732;Arizona;M;College;488033;97984;61;Personal Auto;Four-Door Car;407;1
HM76207;California;F;College;905190;26308;114;Corporate Auto;SUV;547;0
NT59303;Oregon;F;College;1011544;63528;256;Personal Auto;Luxury;1228;0
PU41393;Nevada;M;College;826907;20225;114;Special Auto;SUV;547;1
QO86948;Nevada;M;High School or Below;807165;0;112;Personal Auto;SUV;806;0
QN10888;Oregon;F;High School or Below;772699;87620;64;Personal Auto;Four-Door Car;24;0
VY19543;California;F;Bachelor;831113;0;72;Corporate Auto;Four-Door Car;311;0
XC15133;Nevada;F;Master;257402;34990;65;Personal Auto;Four-Door Car;42;0
ST43550;Oregon;M;Bachelor;572732;99934;71;Special Auto;Four-Door Car;460;0
FX36546;Washington;M;Master;367914;60804;92;Personal Auto;Four-Door Car;213;0
JX68983;Oregon;M;Bachelor;274451;94648;69;Personal Auto;Four-Door Car;331;0
HX78576;California;F;High School or Below;563674;24516;71;Personal Auto;Four-Door Car;300;0
ZQ11381;Arizona;M;Bachelor;1687038;61063;85;Personal Auto;Four-Door Car;262;0
ON39271;California;M;Master;273800;0;74;Personal Auto;Two-Door Car;263;0
SB18278;Oregon;M;Bachelor;464470;0;64;Corporate Auto;Four-Door Car;307;0
ZT30559;California;F;High School or Below;474668;15169;63;Personal Auto;Four-Door Car;302;0
XI41106;Arizona;M;College;1687432;55390;71;Corporate Auto;Two-Door Car;256;0
ZS88847;Oregon;F;Bachelor;238760;27592;62;Personal Auto;Four-Door Car;297;0
RU49126;Washington;F;College;446533;61846;112;Personal Auto;SUV;215;0
KR62797;Arizona;F;High School or Below;459162;83297;113;Personal Auto;SUV;542;0
ZJ73220;Arizona;F;College;1309258;0;188;Special Auto;Luxury;1353;0
FY62633;Oregon;M;Bachelor;911226;0;90;Personal Auto;Four-Door Car;432;0
CU36986;California;F;High School or Below;416516;55897;104;Personal Auto;Four-Door Car;499;0
WZ53904;Arizona;M;Bachelor;265998;21297;71;Personal Auto;Four-Door Car;45;0
AA71604;Arizona;F;Master;1198659;87560;98;Personal Auto;Two-Door Car;470;1
TD10493;Oregon;F;High School or Below;289873;0;96;Personal Auto;Four-Door Car;691;4
LY97989;Oregon;F;Bachelor;289424;0;85;Personal Auto;Four-Door Car;408;0
VX39856;Arizona;F;Doctor;350045;89398;86;Personal Auto;Four-Door Car;82;0
TP51897;California;F;College;262180;36843;68;Corporate Auto;Four-Door Car;357;3
QQ89253;Oregon;F;College;1022180;0;134;Personal Auto;SUV;643;0
EI91403;California;M;High School or Below;257827;34946;65;Personal Auto;Two-Door Car;420;0
QG15435;Arizona;F;College;624259;75680;78;Personal Auto;Four-Door Car;136;0
FZ55002;Nevada;F;Doctor;522028;0;69;Personal Auto;Four-Door Car;331;0
HX77930;Washington;F;College;313643;49532;79;Personal Auto;Four-Door Car;220;1
UN37063;Arizona;M;Bachelor;452536;10269;65;Personal Auto;Two-Door Car;170;0
VB87946;California;M;College;497035;49714;63;Personal Auto;Four-Door Car;266;3
AB60627;California;M;High School or Below;1546778;77517;129;Corporate Auto;SUV;98;0
TA34903;Oregon;M;High School or Below;583889;81082;73;Personal Auto;Four-Door Car;281;0
AQ51368;Oregon;F;Bachelor;1065688;72540;88;Corporate Auto;Two-Door Car;631;0
NZ26102;Oregon;F;High School or Below;228961;0;65;Personal Auto;Four-Door Car;468;0
GB45753;California;M;High School or Below;543980;61546;68;Corporate Auto;Two-Door Car;29;0
BV79904;California;F;Master;795615;44818;67;Personal Auto;Two-Door Car;136;1
OB49075;Arizona;M;Bachelor;445811;17622;65;Personal Auto;Four-Door Car;312;1
DS97676;Oregon;F;College;255505;0;72;Personal Auto;Four-Door Car;518;0
JO63462;California;M;Bachelor;330799;79797;84;Corporate Auto;Two-Door Car;31;0
NJ10602;Washington;F;College;845905;92717;70;Personal Auto;Two-Door Car;224;0
RS24501;Oregon;F;College;1335012;28919;173;Personal Auto;SUV;830;0
VT78274;Arizona;M;College;493122;0;68;Personal Auto;Four-Door Car;480;0
SU56153;Nevada;M;Bachelor;777683;63568;65;Corporate Auto;Two-Door Car;390;0
MN20737;Nevada;F;College;255367;73935;64;Corporate Auto;Four-Door Car;72;1
KL43114;Arizona;F;High School or Below;487646;0;66;Corporate Auto;Two-Door Car;316;0
YQ15567;Oregon;F;Bachelor;903430;18846;115;Personal Auto;SUV;552;0
TR88637;Arizona;F;High School or Below;810591;38893;103;Personal Auto;SUV;41;0
TC88986;Oregon;M;High School or Below;561968;0;153;Special Auto;SUV;1027;0
XX88577;California;M;Bachelor;1572713;84824;196;Corporate Auto;SUV;319;0
NE49052;California;F;High School or Below;661801;20068;86;Corporate Auto;Four-Door Car;411;0
KX17826;Oregon;M;Doctor;467004;0;125;Corporate Auto;SUV;600;0
CC91503;Arizona;F;High School or Below;1016936;0;135;Personal Auto;Luxury;648;0
WH32183;California;M;Bachelor;832307;97245;70;Personal Auto;Four-Door Car;4;0
ES90681;California;F;College;241776;51808;61;Personal Auto;Four-Door Car;351;1
DW96592;California;M;Bachelor;804487;71391;67;Personal Auto;Four-Door Car;284;0
MT23134;Oregon;M;High School or Below;532572;0;73;Personal Auto;Two-Door Car;496;0
BM69081;Arizona;M;Bachelor;694752;0;100;Personal Auto;SUV;925;0
MB90871;Oregon;F;College;584741;23496;77;Special Auto;Four-Door Car;13;0
QL77686;Nevada;F;College;472478;23986;119;Corporate Auto;SUV;463;0
ON77827;Arizona;F;Master;279022;22974;71;Personal Auto;Four-Door Car;180;0
KP18988;Oregon;F;High School or Below;2153133;0;101;Personal Auto;Four-Door Car;484;0
TI92884;Arizona;M;Bachelor;1262283;61844;106;Personal Auto;Luxury;508;0
JH73503;Arizona;M;Doctor;2017196;24804;73;Personal Auto;Two-Door Car;350;0
YE97964;California;F;Bachelor;1646436;27760;104;Personal Auto;SUV;302;0
VA30351;Oregon;F;High School or Below;559538;74454;71;Personal Auto;Four-Door Car;340;0
PV55726;Oregon;F;Master;417068;29462;107;Personal Auto;SUV;513;1
UC88305;Arizona;F;College;266544;52266;68;Corporate Auto;Two-Door Car;141;0
TS53809;Oregon;M;Bachelor;709891;0;70;Personal Auto;Two-Door Car;349;0
ZV32120;California;M;Doctor;397134;23599;103;Corporate Auto;SUV;494;0
FB80807;Oregon;M;Bachelor;552821;36088;72;Personal Auto;Four-Door Car;345;0
AS55677;California;F;High School or Below;833899;70534;104;Personal Auto;Four-Door Car;54;0
WA15684;Oregon;M;College;3844585;27398;125;Personal Auto;SUV;600;1
SA50567;Nevada;M;Bachelor;544855;85296;68;Personal Auto;Four-Door Car;342;0
KJ31611;Arizona;M;High School or Below;1080806;31063;92;Personal Auto;Four-Door Car;441;0
VL37375;California;M;Bachelor;618509;0;92;Personal Auto;Two-Door Car;1027;0
KN21017;Nevada;M;High School or Below;320822;52367;81;Personal Auto;Four-Door Car;275;0
PX44289;Arizona;M;College;548010;58651;71;Personal Auto;Four-Door Car;472;0
AM97901;Nevada;F;College;2298615;84831;192;Special Auto;Luxury;1336;0
RE42925;Oregon;M;Bachelor;1310792;49088;114;Corporate Auto;SUV;547;1
TR81766;California;F;College;746292;70263;93;Corporate Auto;Two-Door Car;7;0
CH85057;Oregon;F;Doctor;1146399;45354;285;Personal Auto;Luxury;540;0
UP71482;Arizona;M;High School or Below;723613;0;63;Personal Auto;Four-Door Car;383;0
EG40670;California;F;Bachelor;623268;28334;83;Special Auto;Four-Door Car;537;0
HV83672;Oregon;F;Bachelor;2839332;38772;90;Personal Auto;Four-Door Car;321;0
MG10140;Oregon;F;College;374675;41479;94;Personal Auto;Two-Door Car;19;1
TC44716;California;M;Bachelor;2156933;23909;119;Personal Auto;SUV;571;0
QO65264;California;M;College;501208;48328;63;Personal Auto;Two-Door Car;108;0
EB66698;California;M;High School or Below;337185;86689;85;Corporate Auto;Two-Door Car;408;0
OT52034;California;M;Bachelor;386477;24204;99;Personal Auto;Four-Door Car;707;1
CH85444;Oregon;M;College;414571;25943;110;Corporate Auto;Two-Door Car;1067;0
PU85769;California;M;High School or Below;515607;0;73;Personal Auto;Four-Door Car;807;0
UI73201;California;M;College;366737;62375;92;Personal Auto;Two-Door Car;618;0
SL50592;California;F;High School or Below;783568;0;71;Corporate Auto;Four-Door Car;404;0
XP11075;Arizona;M;Bachelor;1456726;0;148;Personal Auto;SUV;710;0
SI31236;Oregon;M;Bachelor;1017133;70200;65;Corporate Auto;Four-Door Car;312;0
JN26745;Nevada;F;Bachelor;413577;0;112;Special Auto;Four-Door Car;707;0
VK48036;Oregon;F;College;551149;79027;70;Corporate Auto;Four-Door Car;336;0
JX76668;Washington;F;High School or Below;1131424;62935;141;Personal Auto;Luxury;232;0
DS45802;California;F;High School or Below;541461;26893;68;Personal Auto;Four-Door Car;68;0
OA96690;Oregon;F;High School or Below;742159;47406;94;Personal Auto;Four-Door Car;287;1
EM27919;California;M;Bachelor;445811;17622;65;Personal Auto;Four-Door Car;312;1
QO41043;Oregon;F;College;1447612;27572;124;Corporate Auto;SUV;595;0
OV50124;Oregon;F;College;493688;0;72;Personal Auto;Two-Door Car;391;2
PR31642;Oregon;F;Bachelor;452527;32802;114;Personal Auto;SUV;547;0
BU41599;Washington;F;Master;558176;62739;70;Personal Auto;Two-Door Car;239;0
TK30357;California;F;Bachelor;1413434;90844;118;Personal Auto;SUV;232;0
NF31087;Nevada;F;High School or Below;2472318;44685;69;Personal Auto;Four-Door Car;331;0
NH16984;California;F;Bachelor;283806;0;80;Personal Auto;Four-Door Car;336;0
OS75493;California;F;High School or Below;384848;42589;98;Corporate Auto;Four-Door Car;470;0
VT63298;Oregon;M;Bachelor;1950447;0;72;Personal Auto;Four-Door Car;345;0
QS75550;Washington;F;Bachelor;248004;93383;62;Corporate Auto;Two-Door Car;244;0
SZ16483;Arizona;F;High School or Below;436137;79583;109;Personal Auto;Four-Door Car;523;2
VM92311;Arizona;F;High School or Below;252907;89129;64;Personal Auto;Four-Door Car;328;0
NJ46849;Arizona;M;College;250444;0;69;Personal Auto;Four-Door Car;496;0
WZ31900;Oregon;F;Bachelor;864970;94389;107;Corporate Auto;SUV;85;0
RG30482;Oregon;F;College;1366835;0;197;Personal Auto;SUV;1418;0
ZM86949;Oregon;F;High School or Below;2063508;84106;64;Personal Auto;Two-Door Car;334;0
QQ39596;Arizona;F;College;251753;0;69;Personal Auto;Four-Door Car;42;0
FH51383;California;F;High School or Below;532667;76717;66;Personal Auto;Two-Door Car;300;0
BJ53923;Arizona;M;High School or Below;260027;51978;66;Corporate Auto;Four-Door Car;144;0
CZ96653;Oregon;F;Bachelor;853479;47325;107;Personal Auto;SUV;64;0
FB23788;Oregon;M;High School or Below;882883;86721;111;Corporate Auto;SUV;532;0
NT43594;Nevada;F;Bachelor;224844;24910;63;Personal Auto;Four-Door Car;347;1
RJ85627;Washington;F;Bachelor;1230276;43817;62;Personal Auto;Four-Door Car;245;1
KJ86296;Oregon;M;High School or Below;455659;0;73;Personal Auto;Four-Door Car;525;2
PI47776;Oregon;F;Bachelor;253070;89451;63;Corporate Auto;Four-Door Car;61;0
MD73554;California;M;College;525198;59537;66;Personal Auto;Two-Door Car;316;0
UX92071;Oregon;M;High School or Below;674311;0;199;Personal Auto;Luxury;955;0
YG44474;Oregon;M;College;1401472;54193;117;Corporate Auto;SUV;720;0
UH45301;Oregon;M;College;943891;86946;118;Personal Auto;Four-Door Car;340;0
RY92647;California;F;Bachelor;1050677;0;92;Personal Auto;Four-Door Car;546;0
IK12620;Arizona;F;High School or Below;421391;12160;109;Personal Auto;Four-Door Car;489;0
GQ66762;California;M;College;477368;33701;63;Personal Auto;Four-Door Car;171;0
YT69858;Washington;F;Bachelor;544142;85702;67;Personal Auto;Two-Door Car;249;0
XD85577;California;M;Bachelor;284226;69417;73;Personal Auto;Four-Door Car;30;1
TM65736;Oregon;M;Master;305955;38644;78;Personal Auto;Four-Door Car;361;1
VJ51327;California;F;High School or Below;2031499;63209;102;Personal Auto;SUV;207;2
GS98873;Arizona;F;Bachelor;323912;16061;88;Personal Auto;Four-Door Car;633;0
CW49887;California;F;Master;462680;79487;114;Special Auto;SUV;547;0
MY31220;California;F;College;899704;54230;112;Personal Auto;Two-Door Car;537;0
